name,price,tdp,date,socket,category,speed,turbo,cpuCount,cores,logicals,rank,samples,brand,Kebutuhan_Tier,brand_encoded,target_encoded
AMD A10 PRO-7850B APU,148.02,95.0,2014-11-01,FM2+,Desktop,3700.0,4000.0,1,2,2,1648,19,AMD,Gaming,0,2
AMD A10-4600M APU,78.02,35.0,2012-04-01,FS1r2,Laptop,2300.0,3200.0,1,2,2,2305,1056,AMD,Casual / Office,0,0
AMD A10-5700 APU,59.95,65.0,2012-06-01,FM2,Desktop,3400.0,4000.0,1,2,2,1889,629,AMD,Gaming,0,2
AMD A10-5750M APU,94.02,35.0,2013-05-01,FS1r2,Laptop,2500.0,3500.0,1,4,1,2282,1035,AMD,Gaming,0,2
AMD A10-5800B APU,44.99,100.0,2013-07-01,FM2,Desktop,3800.0,4200.0,1,2,2,1823,36,AMD,Gaming,0,2
AMD A10-5800K APU,46.07,100.0,2012-10-01,FM2,Desktop,3800.0,4200.0,1,2,2,1812,1751,AMD,Gaming,0,2
AMD A10-6700 APU,39.59,65.0,2013-06-01,FM2,Desktop,3700.0,4300.0,1,4,1,1758,707,AMD,Gaming,0,2
AMD A10-6700T APU,147.61,45.0,2014-06-01,FM2,Desktop,2500.0,3500.0,1,2,2,2079,18,AMD,Gaming,0,2
AMD A10-6790K APU,36.72,100.0,2013-12-01,FM2,Desktop,4000.0,4300.0,1,2,2,1763,116,AMD,Gaming,0,2
AMD A10-6800B APU,128.02,100.0,2014-02-01,FM2,Desktop,4100.0,4400.0,1,2,2,1820,18,AMD,Gaming,0,2
AMD A10-6800K APU,53.99,100.0,2013-06-01,FM2,Desktop,4100.0,4400.0,1,2,2,1736,930,AMD,Gaming,0,2
AMD A10-7700K APU,32.81,95.0,2014-01-01,FM2+,Desktop,3400.0,3800.0,1,2,2,1744,597,AMD,Gaming,0,2
AMD A10-7800 APU,37.68,65.0,2014-06-01,FM2+,Desktop,3500.0,3900.0,1,2,2,1737,726,AMD,Gaming,0,2
AMD A10-7850K APU,56.05,95.0,2014-01-01,FM2+,Desktop,3700.0,4000.0,1,2,2,1665,1383,AMD,Gaming,0,2
AMD A10-7860K,57.17,65.0,2016-03-01,FM2+,Desktop,3600.0,4000.0,1,2,2,1678,430,AMD,Gaming,0,2
AMD A10-7870K,65.92,95.0,2015-06-01,FM2+,Desktop,3900.0,4100.0,1,2,2,1644,634,AMD,Gaming,0,2
AMD A10-7890K,139.97,95.0,2016-04-01,FM2+,Desktop,4100.0,4300.0,1,2,2,1628,247,AMD,Gaming,0,2
AMD A10-9700,66.86,65.0,2016-12-01,AM4,Desktop,3500.0,3800.0,1,4,1,1617,271,AMD,Gaming,0,2
AMD A10-9700E,91.5,35.0,2017-11-01,AM4,Desktop,3000.0,3500.0,1,4,1,1818,17,AMD,Gaming,0,2
AMD A12-9800,101.99,65.0,2016-10-01,AM4,Desktop,3800.0,4200.0,1,2,2,1622,141,AMD,Gaming,0,2
AMD A12-9800E,670.15,35.0,2017-09-01,AM4,Desktop,3100.0,3800.0,1,4,1,1640,25,AMD,Gaming,0,2
AMD A4-3300 APU,56.61,65.0,2011-11-01,FM1,Desktop,2500.0,0.0,1,2,1,3030,199,AMD,Casual / Office,0,0
AMD A4-3300M APU,29.99,65.0,2011-07-01,FM1,Laptop,1900.0,2500.0,1,2,1,3286,265,AMD,Casual / Office,0,0
AMD A4-3305M APU,20.81,35.0,2012-02-01,FS1,Laptop,1900.0,2500.0,1,2,1,3263,208,AMD,Casual / Office,0,0
AMD A4-3320M APU,39.0,35.0,2012-03-01,FS1,Laptop,2000.0,2600.0,1,2,1,3350,36,AMD,Casual / Office,0,0
AMD A4-3400 APU,20.0,65.0,2011-09-01,FM1,Desktop,2700.0,0.0,1,2,1,2908,297,AMD,Casual / Office,0,0
AMD A4-3420 APU,136.0,65.0,2012-01-01,FM1,Desktop,2800.0,0.0,1,2,1,2903,107,AMD,Casual / Office,0,0
AMD A4-4000 APU,19.91,65.0,2013-05-01,FM2,Desktop,3000.0,3200.0,1,1,2,2822,278,AMD,Casual / Office,0,0
AMD A4-4020 APU,105.37,65.0,2014-07-01,FM2,Desktop,3200.0,3400.0,1,2,1,2769,45,AMD,Casual / Office,0,0
AMD A4-4300M APU,29.86,35.0,2012-05-01,FS1,Laptop,2500.0,3000.0,1,1,2,2985,200,AMD,Casual / Office,0,0
AMD A4-5300 APU,26.95,65.0,2012-10-01,FM2,Desktop,3400.0,3700.0,1,2,1,2667,510,AMD,Gaming,0,2
AMD A4-5300B APU,25.95,65.0,2012-12-01,FM2,Desktop,3400.0,3700.0,1,2,1,2761,97,AMD,Gaming,0,2
AMD A4-6300 APU,42.02,65.0,2013-11-01,FM2,Desktop,3700.0,3900.0,1,1,2,2618,407,AMD,Gaming,0,2
AMD A4-6300B APU,27.95,65.0,2013-12-01,Unknown,Desktop,3700.0,3900.0,1,1,2,2691,15,AMD,Gaming,0,2
AMD A4-6320 APU,69.99,65.0,2014-04-01,FM2,Desktop,3800.0,4000.0,1,1,2,2545,34,AMD,Gaming,0,2
AMD A4-7300 APU,18.8,65.0,2014-09-01,FM2,Desktop,3800.0,4000.0,1,1,2,2578,205,AMD,Gaming,0,2
AMD A6-3400M APU,24.45,35.0,2011-06-01,FS1,Laptop,1400.0,2300.0,1,4,1,2796,661,AMD,Casual / Office,0,0
AMD A6-3410MX APU,3.99,45.0,2011-07-01,FS1,Laptop,1600.0,2300.0,1,4,1,2785,139,AMD,Casual / Office,0,0
AMD A6-3500 APU,74.93,65.0,2011-09-01,FM1,Desktop,2100.0,2400.0,1,3,1,2665,268,AMD,Casual / Office,0,0
AMD A6-3600 APU,24.95,65.0,2011-11-01,FM1,Desktop,2100.0,2400.0,1,4,1,2484,131,AMD,Casual / Office,0,0
AMD A6-3620 APU,22.49,65.0,2012-02-01,FM1,Desktop,2200.0,2500.0,1,4,1,2344,308,AMD,Casual / Office,0,0
AMD A6-3650 APU,128.0,100.0,2011-07-01,FM1,Desktop,2600.0,0.0,1,4,1,2251,318,AMD,Casual / Office,0,0
AMD A6-3670 APU,176.59,100.0,2012-01-01,FM1,Desktop,2700.0,0.0,1,4,1,2218,192,AMD,Casual / Office,0,0
AMD A6-4400M APU,27.0,35.0,2012-04-01,FS1r2,Laptop,2700.0,3200.0,1,1,2,2984,806,AMD,Casual / Office,0,0
AMD A6-5350M APU,33.12,35.0,2013-07-01,FS1r2,Laptop,2900.0,3500.0,1,2,1,2849,123,AMD,Gaming,0,2
AMD A6-5400B APU,28.94,65.0,2013-11-01,FM2,Desktop,3600.0,3800.0,1,1,2,2613,60,AMD,Gaming,0,2
AMD A6-5400K APU,52.02,65.0,2012-10-01,FM2,Desktop,3600.0,3800.0,1,1,2,2744,611,AMD,Gaming,0,2
AMD A6-6400K APU,51.72,65.0,2013-07-01,FM2,Desktop,3900.0,4100.0,1,1,2,2599,582,AMD,Gaming,0,2
AMD A6-6420K APU,149.99,65.0,2014-10-01,FM2,Desktop,4000.0,4200.0,1,2,1,2548,41,AMD,Gaming,0,2
AMD A6-7400K APU,29.99,65.0,2014-10-01,FM2+,Desktop,3500.0,3900.0,1,2,1,2507,312,AMD,Gaming,0,2
AMD A6-7470K,185.94,65.0,2016-05-01,FM2+,Desktop,3700.0,4000.0,1,1,2,2375,26,AMD,Gaming,0,2
AMD A6-7480,36.89,65.0,2019-04-01,FM2+,Desktop,3500.0,3800.0,1,2,1,2328,32,AMD,Gaming,0,2
AMD A6-9500,61.03,65.0,2016-12-01,AM4,Desktop,3500.0,3800.0,1,2,1,2334,64,AMD,Gaming,0,2
AMD A6-9500E,58.14,35.0,2018-10-01,AM4,Desktop,3000.0,3400.0,1,2,1,2446,3,AMD,Casual / Office,0,0
AMD A8-3500M APU,59.95,35.0,2011-07-01,FS1,Laptop,1500.0,2400.0,1,4,1,2620,255,AMD,Casual / Office,0,0
AMD A8-3510MX APU,77.11,45.0,2011-08-01,FS1,Laptop,1800.0,2500.0,1,4,1,2490,92,AMD,Casual / Office,0,0
AMD A8-3520M APU,55.0,35.0,2012-01-01,FS1,Laptop,1600.0,2500.0,1,4,1,2643,231,AMD,Casual / Office,0,0
AMD A8-3800 APU,109.95,65.0,2011-09-01,FM1,Desktop,2400.0,2700.0,1,4,1,2267,162,AMD,Casual / Office,0,0
AMD A8-3820 APU,44.95,65.0,2012-01-01,FM1,Desktop,2500.0,2800.0,1,4,1,2157,129,AMD,Casual / Office,0,0
AMD A8-3850 APU,68.02,100.0,2011-06-01,FM1,Desktop,2900.0,0.0,1,4,1,2074,486,AMD,Casual / Office,0,0
AMD A8-3870K APU,68.04,100.0,2011-12-01,FM1,Desktop,3000.0,0.0,1,4,1,2082,584,AMD,Gaming,0,2
AMD A8-4500M APU,56.21,35.0,2012-05-01,FS1r2,Laptop,1900.0,2800.0,1,2,2,2472,1667,AMD,Casual / Office,0,0
AMD A8-5500 APU,58.95,65.0,2012-06-01,FM2,Desktop,3200.0,3700.0,1,2,2,1965,912,AMD,Gaming,0,2
AMD A8-5500B APU,49.04,65.0,2013-03-01,FM2,Desktop,3200.0,3700.0,1,2,2,1927,94,AMD,Gaming,0,2
AMD A8-5600K APU,69.01,100.0,2012-10-01,FM2,Desktop,3600.0,3900.0,1,4,1,1863,1042,AMD,Gaming,0,2
AMD A8-6500 APU,30.8,65.0,2013-08-01,FM2,Desktop,3500.0,4100.0,1,2,2,1860,522,AMD,Gaming,0,2
AMD A8-6500B APU,49.95,65.0,2014-04-01,FM2,Desktop,3500.0,4100.0,1,2,2,1849,60,AMD,Gaming,0,2
AMD A8-6500T APU,59.95,45.0,2014-03-01,FM2,Desktop,2100.0,3100.0,1,2,2,2368,7,AMD,Casual / Office,0,0
AMD A8-6600K APU,22.25,100.0,2013-06-01,FM2,Desktop,3900.0,4200.0,1,2,2,1807,993,AMD,Gaming,0,2
AMD A8-7600 APU,31.13,65.0,2014-07-01,FM2+,Desktop,3100.0,3800.0,1,2,2,1721,1707,AMD,Gaming,0,2
AMD A8-7650K,38.18,65.0,2015-02-01,FM2+,Desktop,3300.0,3700.0,1,2,2,1769,386,AMD,Gaming,0,2
AMD A8-7670K,79.5,95.0,2015-09-01,FM2+,Desktop,3600.0,3900.0,1,4,1,1730,90,AMD,Gaming,0,2
AMD A8-7680,44.22,45.0,2019-01-01,FM2+,Laptop,3500.0,3800.0,1,4,1,1625,53,AMD,Gaming,0,2
AMD A8-9600,66.96,65.0,2017-04-01,AM4,Desktop,3100.0,3400.0,1,4,1,1692,248,AMD,Gaming,0,2
AMD Athlon 1640B,50.0,45.0,2009-05-01,AM2,Desktop,2700.0,0.0,1,1,1,3583,18,AMD,Casual / Office,0,0
AMD Athlon 200GE,123.89,35.0,2018-09-01,AM4,Desktop,3200.0,3200.0,1,2,2,1486,470,AMD,Casual / Office,0,0
AMD Athlon 220GE,129.0,35.0,2019-03-01,AM4,Laptop,3400.0,0.0,1,2,2,1426,21,AMD,Casual / Office,0,0
AMD Athlon 240GE,135.99,35.0,2019-01-01,AM4,Desktop,3500.0,0.0,1,2,2,1402,30,AMD,Casual / Office,0,0
AMD Athlon 2650e,19.0,15.0,2009-01-01,AM2,Desktop,1600.0,0.0,1,1,1,3766,77,AMD,Casual / Office,0,0
AMD Athlon 2800+,109.95,89.0,2009-03-01,754,Unknown,2133.0,0.0,1,1,1,3743,2,AMD,Casual / Office,0,0
AMD Athlon 3000G,89.99,35.0,2019-11-01,AM4,Desktop,3500.0,0.0,1,2,2,1414,328,AMD,Casual / Office,0,0
AMD Athlon 5000 Dual-Core,109.95,65.0,2009-10-01,"AM2,AM2+",Desktop,2200.0,0.0,1,2,1,3094,42,AMD,Casual / Office,0,0
AMD Athlon 5150 APU,98.86,25.0,2014-04-01,"AM1,FS1b",Desktop,1600.0,0.0,1,4,1,2650,184,AMD,Casual / Office,0,0
AMD Athlon 5200 Dual-Core,189.95,75.0,2010-12-01,AM2,Desktop,2700.0,0.0,1,2,1,3097,20,AMD,Casual / Office,0,0
AMD Athlon 5350 APU,149.99,25.0,2014-03-01,"AM1,FS1B",Desktop,2050.0,0.0,1,4,1,2412,634,AMD,Casual / Office,0,0
AMD Athlon 5370 APU,598.68,25.0,2016-04-01,"AM1,FS1B",Desktop,2200.0,0.0,1,4,1,2336,36,AMD,Casual / Office,0,0
AMD Athlon 64 2800+,99.99,89.0,2009-01-01,754,Unknown,1800.0,0.0,1,1,1,3732,29,AMD,Casual / Office,0,0
AMD Athlon 64 3000+,20.0,89.0,2008-12-01,Socket 754,Desktop,2000.0,0.0,1,1,1,3718,327,AMD,Casual / Office,0,0
AMD Athlon 64 3200+,149.95,62.0,2008-12-01,AM2,Unknown,2200.0,0.0,1,1,1,3721,413,AMD,Casual / Office,0,0
AMD Athlon 64 3400+,99.95,89.0,2009-01-01,754,Unknown,2400.0,0.0,1,1,1,3699,99,AMD,Casual / Office,0,0
AMD Athlon 64 3500+,79.95,45.0,2008-12-01,AM2,Unknown,2200.0,0.0,1,1,1,3607,386,AMD,Casual / Office,0,0
AMD Athlon 64 3700+,89.95,89.0,2008-12-01,939,Desktop,2200.0,0.0,1,1,1,3609,108,AMD,Casual / Office,0,0
AMD Athlon 64 3800+,131.01,45.0,2009-01-01,AM2,Unknown,2400.0,0.0,1,1,1,3738,235,AMD,Casual / Office,0,0
AMD Athlon 64 4000+,99.95,62.0,2008-12-01,AM2,Unknown,2600.0,0.0,1,1,1,3670,83,AMD,Casual / Office,0,0
AMD Athlon 64 FX-55,65.0,104.0,2009-02-01,939,Desktop,2600.0,0.0,1,1,1,3592,13,AMD,Casual / Office,0,0
AMD Athlon 64 FX-62 Dual Core,270.0,125.0,2009-02-01,AM2,Desktop,2800.0,0.0,1,2,1,3034,21,AMD,Casual / Office,0,0
AMD Athlon 64 FX-74,499.5,125.0,2009-03-01,F (1207),Desktop,3000.0,0.0,1,2,1,3007,2,AMD,Casual / Office,0,0
AMD Athlon 64 X2 Dual Core 3600+,68.25,65.0,2008-12-01,AM2,Desktop,2000.0,0.0,1,2,1,3424,174,AMD,Casual / Office,0,0
AMD Athlon 64 X2 Dual Core 4200+,109.95,89.0,2008-11-01,AM2,Desktop,2200.0,0.0,1,2,1,3308,1000,AMD,Casual / Office,0,0
AMD Athlon 64 X2 Dual Core 4400+,298.95,65.0,2008-12-01,AM2,Desktop,2300.0,0.0,1,2,1,3322,629,AMD,Casual / Office,0,0
AMD Athlon 64 X2 Dual Core 4600+,349.95,65.0,2008-12-01,AM2,Desktop,2400.0,0.0,1,2,1,3262,440,AMD,Casual / Office,0,0
AMD Athlon 64 X2 Dual Core 4800+,149.95,65.0,2008-11-01,AM2,Desktop,2500.0,0.0,1,2,1,3338,482,AMD,Casual / Office,0,0
AMD Athlon 64 X2 Dual Core 5000+,331.49,65.0,2008-12-01,AM2,Desktop,2600.0,0.0,1,2,1,3202,1132,AMD,Casual / Office,0,0
AMD Athlon 64 X2 Dual Core 5200+,60.0,65.0,2008-11-01,AM2,Desktop,2700.0,0.0,1,2,1,3132,899,AMD,Casual / Office,0,0
AMD Athlon 64 X2 Dual Core 5400+,52.99,65.0,2008-11-01,AM2,Desktop,2800.0,0.0,1,2,1,3070,210,AMD,Casual / Office,0,0
AMD Athlon 64 X2 Dual Core 5600+,107.21,89.0,2008-11-01,AM2,Desktop,2800.0,0.0,1,2,1,3064,460,AMD,Casual / Office,0,0
AMD Athlon 64 X2 Dual Core 5800+,29.95,89.0,2009-01-01,Unknown,Desktop,3000.0,0.0,1,2,1,3179,25,AMD,Casual / Office,0,0
AMD Athlon 64 X2 Dual Core 6000+,38.5,89.0,2008-11-01,AM2,Desktop,3000.0,0.0,1,2,1,3054,1055,AMD,Casual / Office,0,0
AMD Athlon 64 X2 Dual Core 6400+,249.95,125.0,2008-11-01,AM2,Desktop,3200.0,0.0,1,2,1,3012,234,AMD,Casual / Office,0,0
AMD Athlon 64 X2 Dual-Core TK-55,72.74,35.0,2008-12-01,Unknown,Unknown,1800.0,0.0,1,2,1,3484,100,AMD,Casual / Office,0,0
AMD Athlon 64 X2 QL-65,22.0,35.0,2009-11-01,S1,Laptop,2100.0,0.0,1,2,1,3380,133,AMD,Casual / Office,0,0
AMD Athlon 7550 Dual-Core,14.95,95.0,2009-05-01,AM2+,Desktop,2500.0,0.0,1,2,1,3107,98,AMD,Casual / Office,0,0
AMD Athlon 7750 Dual-Core,79.99,95.0,2009-01-01,AM2+,Desktop,2700.0,0.0,1,2,1,3029,411,AMD,Casual / Office,0,0
AMD Athlon 7850 Dual-Core,99.99,95.0,2009-05-01,AM2+,Desktop,2800.0,0.0,1,2,1,2947,123,AMD,Casual / Office,0,0
AMD Athlon Dual Core 4450B,31.0,45.0,2009-03-01,AM2+,Desktop,2300.0,0.0,1,2,1,3261,82,AMD,Casual / Office,0,0
AMD Athlon Dual Core 4450e,14.48,45.0,2009-02-01,AM2,Desktop,2300.0,0.0,1,2,1,3277,104,AMD,Casual / Office,0,0
AMD Athlon Dual Core 4850e,39.0,45.0,2009-02-01,AM2,Desktop,2500.0,0.0,1,2,1,3196,163,AMD,Casual / Office,0,0
AMD Athlon Dual Core 5000B,95.0,65.0,2009-05-01,AM2,Desktop,2600.0,0.0,1,2,1,3138,50,AMD,Casual / Office,0,0
AMD Athlon Dual Core 5050e,60.0,45.0,2009-02-01,AM2,Desktop,2600.0,0.0,1,2,1,3166,102,AMD,Casual / Office,0,0
AMD Athlon II 160u,29.99,20.0,2010-06-01,Unknown,Desktop,1800.0,0.0,1,1,1,3649,20,AMD,Casual / Office,0,0
AMD Athlon II 170u,24.0,20.0,2010-10-01,"AM2+,AM3",Desktop,2000.0,0.0,1,1,1,3671,73,AMD,Casual / Office,0,0
AMD Athlon II Dual-Core M320,30.0,35.0,2009-11-01,Unknown,Unknown,2100.0,0.0,1,2,1,3258,233,AMD,Casual / Office,0,0
AMD Athlon II Neo K325 Dual-Core,25.99,12.0,2010-06-01,Unknown,Laptop,1300.0,0.0,1,2,1,3578,53,AMD,Casual / Office,0,0
AMD Athlon II P320 Dual-Core,19.95,25.0,2010-06-01,Unknown,Unknown,2100.0,0.0,1,2,1,3300,559,AMD,Casual / Office,0,0
AMD Athlon II P340 Dual-Core,39.95,25.0,2010-10-01,S1g4,Unknown,2200.0,0.0,1,2,1,3305,474,AMD,Casual / Office,0,0
AMD Athlon II P360 Dual-Core,19.95,25.0,2011-02-01,S1g4,Unknown,2300.0,0.0,1,2,1,3268,257,AMD,Casual / Office,0,0
AMD Athlon II X2 210e,28.49,45.0,2010-12-01,AM3,Desktop,2600.0,0.0,1,2,1,2881,6,AMD,Casual / Office,0,0
AMD Athlon II X2 215,28.97,65.0,2009-09-01,AM3,Desktop,2700.0,0.0,1,2,1,3024,462,AMD,Casual / Office,0,0
AMD Athlon II X2 220,59.95,65.0,2010-06-01,AM3,Desktop,2800.0,0.0,1,2,1,2955,460,AMD,Casual / Office,0,0
AMD Athlon II X2 235e,97.5,45.0,2009-10-01,AM3,Desktop,2700.0,0.0,1,2,1,2911,98,AMD,Casual / Office,0,0
AMD Athlon II X2 240,24.95,65.0,2009-08-01,AM3,Desktop,2800.0,0.0,1,2,1,3009,661,AMD,Casual / Office,0,0
AMD Athlon II X2 240e,37.89,45.0,2009-12-01,AM3,Desktop,2800.0,0.0,1,2,1,2981,112,AMD,Casual / Office,0,0
AMD Athlon II X2 245,39.88,65.0,2009-07-01,AM2+/AM3,Desktop,2900.0,0.0,1,2,1,2937,524,AMD,Casual / Office,0,0
AMD Athlon II X2 245e,19.99,45.0,2011-03-01,AM3,Desktop,2900.0,0.0,1,2,1,2859,35,AMD,Casual / Office,0,0
AMD Athlon II X2 250,38.95,65.0,2009-06-01,AM3,Desktop,3000.0,0.0,1,2,1,2878,1700,AMD,Casual / Office,0,0
AMD Athlon II X2 250e,76.73,45.0,2011-06-01,AM3,Desktop,3000.0,0.0,1,2,1,2835,5,AMD,Casual / Office,0,0
AMD Athlon II X2 250u,24.95,25.0,2010-02-01,AM3,Desktop,1600.0,0.0,1,2,1,3402,69,AMD,Casual / Office,0,0
AMD Athlon II X2 255,12.55,65.0,2010-01-01,AM3,Desktop,3100.0,0.0,1,2,1,2815,400,AMD,Casual / Office,0,0
AMD Athlon II X2 260,37.88,65.0,2010-07-01,AM3,Desktop,3200.0,0.0,1,2,1,2883,418,AMD,Casual / Office,0,0
AMD Athlon II X2 260u,83.44,25.0,2010-12-01,AM3,Desktop,1800.0,0.0,1,2,1,3329,42,AMD,Casual / Office,0,0
AMD Athlon II X2 265,12.55,65.0,2010-11-01,AM3,Desktop,3300.0,0.0,1,2,1,2739,57,AMD,Casual / Office,0,0
AMD Athlon II X2 270,15.0,65.0,2011-08-01,AM3,Desktop,3400.0,0.0,1,2,1,2752,482,AMD,Casual / Office,0,0
AMD Athlon II X2 270u,67.67,25.0,2010-11-01,AM3,Desktop,2000.0,0.0,1,2,1,3310,4,AMD,Casual / Office,0,0
AMD Athlon II X2 280,76.89,65.0,2013-03-01,AM3,Unknown,3600.0,0.0,1,2,1,2673,58,AMD,Casual / Office,0,0
AMD Athlon II X2 B22,25.95,65.0,2010-01-01,AM3,Desktop,2800.0,0.0,1,2,1,2951,68,AMD,Casual / Office,0,0
AMD Athlon II X2 B24,24.1,65.0,2010-03-01,AM3,Desktop,3000.0,0.0,1,2,1,2897,163,AMD,Casual / Office,0,0
AMD Athlon II X2 B26,24.95,65.0,2011-09-01,Unknown,Unknown,3200.0,0.0,1,2,1,2788,63,AMD,Casual / Office,0,0
AMD Athlon II X2 B28,39.02,65.0,2012-07-01,AM3,Desktop,3400.0,0.0,1,2,1,2746,57,AMD,Casual / Office,0,0
AMD Athlon II X3 400e,25.49,45.0,2009-12-01,AM3,Desktop,2200.0,0.0,1,3,1,2697,33,AMD,Casual / Office,0,0
AMD Athlon II X3 405e,112.9,45.0,2010-03-01,AM3,Desktop,2300.0,0.0,1,3,1,2689,11,AMD,Casual / Office,0,0
AMD Athlon II X3 415e,75.0,45.0,2010-10-01,AM3,Desktop,2500.0,0.0,1,3,1,2612,23,AMD,Casual / Office,0,0
AMD Athlon II X3 420e,116.15,45.0,2011-06-01,AM3,Desktop,2600.0,0.0,1,3,1,2531,8,AMD,Casual / Office,0,0
AMD Athlon II X3 425,58.34,95.0,2009-08-01,AM3,Desktop,2700.0,0.0,1,3,1,2543,163,AMD,Casual / Office,0,0
AMD Athlon II X3 435,159.95,95.0,2009-11-01,AM3,Desktop,2900.0,0.0,1,3,1,2453,233,AMD,Casual / Office,0,0
AMD Athlon II X3 440,14.76,95.0,2010-02-01,AM3,Desktop,3000.0,0.0,1,3,1,2429,247,AMD,Casual / Office,0,0
AMD Athlon II X3 445,14.99,95.0,2010-07-01,AM3,Desktop,3100.0,0.0,1,3,1,2382,313,AMD,Casual / Office,0,0
AMD Athlon II X3 450,14.96,95.0,2010-11-01,AM3,Desktop,3200.0,0.0,1,3,1,2383,567,AMD,Casual / Office,0,0
AMD Athlon II X3 455,25.76,95.0,2010-12-01,AM3,Desktop,3300.0,0.0,1,3,1,2343,366,AMD,Casual / Office,0,0
AMD Athlon II X3 460,16.74,95.0,2011-08-01,AM3,Desktop,3400.0,0.0,1,3,1,2268,135,AMD,Casual / Office,0,0
AMD Athlon II X4 600e,19.85,45.0,2009-12-01,AM3,Desktop,2200.0,0.0,1,4,1,2436,21,AMD,Casual / Office,0,0
AMD Athlon II X4 605e,25.77,45.0,2009-12-01,AM3,Desktop,2300.0,0.0,1,4,1,2276,36,AMD,Casual / Office,0,0
AMD Athlon II X4 610e,17.03,45.0,2010-08-01,AM3,Desktop,2400.0,0.0,1,4,1,2333,57,AMD,Casual / Office,0,0
AMD Athlon II X4 615e,59.0,45.0,2010-12-01,AM3,Desktop,2500.0,0.0,1,4,1,2269,24,AMD,Casual / Office,0,0
AMD Athlon II X4 620,91.89,95.0,2009-09-01,AM3,Desktop,2600.0,0.0,1,4,1,2284,650,AMD,Casual / Office,0,0
AMD Athlon II X4 630,48.04,95.0,2009-08-01,AM3,Desktop,2800.0,0.0,1,4,1,2189,916,AMD,Casual / Office,0,0
AMD Athlon II X4 631 Quad-Core,12.31,100.0,2011-09-01,FM1,Desktop,2600.0,0.0,1,4,1,2206,220,AMD,Casual / Office,0,0
AMD Athlon II X4 635,17.27,95.0,2010-02-01,AM3,Desktop,2900.0,0.0,1,4,1,2174,592,AMD,Casual / Office,0,0
AMD Athlon II X4 638 Quad-Core,62.85,65.0,2015-04-01,FM1,Desktop,2700.0,0.0,1,4,1,2127,6,AMD,Casual / Office,0,0
AMD Athlon II X4 640,16.46,95.0,2010-06-01,AM3,Desktop,3000.0,0.0,1,4,1,2147,1738,AMD,Gaming,0,2
AMD Athlon II X4 641 Quad-Core,12.3,100.0,2012-03-01,FM1,Desktop,2800.0,0.0,1,4,1,2123,90,AMD,Casual / Office,0,0
AMD Athlon II X4 645,14.11,95.0,2010-10-01,AM3,Desktop,3100.0,0.0,1,4,1,2061,591,AMD,Gaming,0,2
AMD Athlon II X4 650,166.6,95.0,2011-08-01,Unknown,Unknown,3200.0,0.0,1,4,1,2013,63,AMD,Gaming,0,2
AMD Athlon II X4 651 Quad-Core,149.95,100.0,2012-02-01,FM1,Unknown,3000.0,0.0,1,4,1,2066,103,AMD,Gaming,0,2
AMD Athlon LE-1600,21.0,45.0,2009-03-01,AM2,Desktop,2200.0,0.0,1,1,1,3582,20,AMD,Casual / Office,0,0
AMD Athlon LE-1620,18.0,45.0,2009-03-01,AM2,Desktop,2400.0,0.0,1,1,1,3574,34,AMD,Casual / Office,0,0
AMD Athlon LE-1640,89.95,45.0,2009-02-01,AM2,Desktop,2700.0,0.0,1,1,1,3564,63,AMD,Casual / Office,0,0
AMD Athlon X2 280,33.49,65.0,2014-03-01,AM3,Unknown,3600.0,0.0,1,2,1,2692,1,AMD,Casual / Office,0,0
AMD Athlon X2 340 Dual Core,94.97,65.0,2013-07-01,Unknown,Unknown,3200.0,3600.0,1,2,1,2702,47,AMD,Gaming,0,2
AMD Athlon X2 Dual Core BE-2300,60.0,45.0,2009-02-01,AM2,Desktop,1900.0,0.0,1,2,1,3428,38,AMD,Casual / Office,0,0
AMD Athlon X3 435,95.49,95.0,2009-12-01,Unknown,Unknown,2900.0,0.0,1,3,1,2391,2,AMD,Casual / Office,0,0
AMD Athlon X3 440,87.99,95.0,2010-03-01,Unknown,Unknown,3000.0,0.0,1,3,1,2614,2,AMD,Casual / Office,0,0
AMD Athlon X4 620,64.95,95.0,2009-10-01,Unknown,Unknown,2600.0,0.0,1,4,1,2371,19,AMD,Casual / Office,0,0
AMD Athlon X4 740 Quad Core,12.79,65.0,2012-11-01,FM2,Desktop,3200.0,3700.0,1,2,2,1915,279,AMD,Gaming,0,2
AMD Athlon X4 750 Quad Core,94.75,65.0,2015-03-01,FM2,Desktop,3400.0,3900.0,1,4,1,2004,9,AMD,Gaming,0,2
AMD Athlon X4 750K Quad Core,190.44,100.0,2012-11-01,FM2,Unknown,3400.0,4000.0,1,2,2,1871,442,AMD,Gaming,0,2
AMD Athlon X4 760K Quad Core,15.3,100.0,2013-08-01,FM2,Desktop,3800.0,4100.0,1,2,2,1829,323,AMD,Gaming,0,2
AMD Athlon X4 830,202.32,65.0,2018-02-01,FM2+,Desktop,3000.0,34000.0,1,2,2,1837,1,AMD,Gaming,0,2
AMD Athlon X4 840,124.95,65.0,2015-01-01,FM2+,Desktop,3100.0,3800.0,1,2,2,1690,224,AMD,Gaming,0,2
AMD Athlon X4 845,59.99,65.0,2016-03-01,FM2+,Desktop,3500.0,3800.0,1,2,2,1557,397,AMD,Gaming,0,2
AMD Athlon X4 860K,68.76,95.0,2014-09-01,FM2+,Desktop,3700.0,4000.0,1,2,2,1652,1284,AMD,Gaming,0,2
AMD Athlon X4 870K,34.3,95.0,2016-03-01,FM2+,Desktop,3900.0,4100.0,1,2,2,1658,74,AMD,Gaming,0,2
AMD Athlon X4 880K,94.61,95.0,2016-04-01,FM2+,Desktop,4000.0,4200.0,1,2,2,1585,250,AMD,Gaming,0,2
AMD Athlon X4 950,29.93,65.0,2017-09-01,AM4,Desktop,3500.0,3800.0,1,4,1,1609,120,AMD,Gaming,0,2
AMD Athlon XP 1700+,51.25,64.0,2009-02-01,Socket A (462),Desktop,1467.0,0.0,1,1,1,3910,34,AMD,Casual / Office,0,0
AMD Athlon XP 1800+,50.95,66.0,2009-03-01,Socket A,Desktop,1533.0,0.0,1,1,1,3880,35,AMD,Casual / Office,0,0
AMD Athlon XP 1900+,45.8,0.0,2009-03-01,Unknown,Unknown,1600.0,0.0,1,1,1,3868,8,AMD,Casual / Office,0,0
AMD Athlon XP 2000+,58.99,70.0,2009-02-01,Socket A,Desktop,1667.0,0.0,1,1,1,3881,53,AMD,Casual / Office,0,0
AMD Athlon XP 2100+,63.75,0.0,2009-02-01,Unknown,Unknown,1733.0,0.0,1,1,1,3858,11,AMD,Casual / Office,0,0
AMD Athlon XP 2200+,84.95,0.0,2009-02-01,Unknown,Unknown,1800.0,0.0,1,1,1,3855,45,AMD,Casual / Office,0,0
AMD Athlon XP 2400+,79.99,0.0,2009-02-01,Unknown,Unknown,2000.0,0.0,1,1,1,3827,58,AMD,Casual / Office,0,0
AMD Athlon XP 2600+,23.03,0.0,2008-12-01,Unknown,Unknown,2133.0,0.0,1,1,1,3813,77,AMD,Casual / Office,0,0
AMD Athlon XP 2700+,84.79,0.0,2008-12-01,Unknown,Unknown,2167.0,0.0,1,1,1,3791,8,AMD,Casual / Office,0,0
AMD Athlon XP 3000+,79.7,62.0,2009-03-01,Socket A,Desktop,2167.0,0.0,1,1,1,3786,60,AMD,Casual / Office,0,0
AMD E2-3000M APU,42.98,35.0,2011-09-01,FS1,Laptop,1800.0,2400.0,1,2,1,3314,115,AMD,Casual / Office,0,0
AMD E2-3200 APU,7.99,65.0,2011-12-01,FM1,Desktop,2400.0,0.0,1,2,1,3025,70,AMD,Casual / Office,0,0
AMD EPYC 3251,315.0,50.0,2019-10-01,SP4r2,Server,2500.0,3100.0,1,8,2,563,11,AMD,Server,0,3
AMD EPYC 7232P,406.03,120.0,2020-05-01,SP3,Server,3100.0,3200.0,1,8,2,443,4,AMD,Server,0,3
AMD EPYC 7251,410.0,120.0,2018-02-01,SP3,Server,2100.0,2900.0,1,8,2,512,7,AMD,Server,0,3
AMD EPYC 7252,380.03,120.0,2021-05-01,SP3,Server,3100.0,3200.0,1,8,2,357,3,AMD,Server,0,3
AMD EPYC 7262,573.58,155.0,2019-12-01,SP3,Server,3200.0,3400.0,1,8,2,316,10,AMD,Server,0,3
AMD EPYC 7272,663.99,120.0,2020-05-01,SP3,Server,2900.0,3200.0,1,12,2,187,2,AMD,Server,0,3
AMD EPYC 7281,999.99,155.0,2017-11-01,SP3,Server,2100.0,2700.0,1,16,2,286,2,AMD,Server,0,3
AMD EPYC 7282,409.34,120.0,2019-12-01,SP3,Server,2800.0,3200.0,1,16,2,134,9,AMD,Server,0,3
AMD EPYC 7302,1124.99,155.0,2020-01-01,SP3,Server,3000.0,3300.0,1,16,2,107,7,AMD,Server,0,3
AMD EPYC 7302P,459.99,155.0,2019-11-01,SP3,Server,3000.0,3300.0,1,16,2,120,19,AMD,Server,0,3
AMD EPYC 7313P,913.0,155.0,2021-06-01,SP3,Server,3000.0,3700.0,1,16,2,64,23,AMD,Server,0,3
AMD EPYC 7351,899.0,155.0,2019-03-01,SP3,Server,2400.0,2900.0,1,16,2,237,6,AMD,Server,0,3
AMD EPYC 7351P,599.0,155.0,2017-11-01,SP3,Server,2400.0,2900.0,1,16,2,199,6,AMD,Server,0,3
AMD EPYC 7371,589.99,0.0,2019-01-01,SP3,Server,3100.0,3800.0,1,16,2,130,8,AMD,Server,0,3
AMD EPYC 7401P,259.2,155.0,2017-11-01,SP3,Server,2000.0,3000.0,1,24,2,161,21,AMD,Server,0,3
AMD EPYC 7551P,369.35,180.0,2018-03-01,SP3,Server,2000.0,3000.0,1,32,2,60,37,AMD,Server,0,3
AMD EPYC 7601,875.95,180.0,2017-12-01,SP3,Server,2200.0,2700.0,1,32,2,63,1,AMD,Server,0,3
AMD FX-4100 Quad-Core,20.54,95.0,2011-10-01,AM3+,Desktop,3600.0,3800.0,1,2,2,1963,2310,AMD,Gaming,0,2
AMD FX-4130 Quad-Core,19.93,125.0,2012-12-01,AM3+,Desktop,3800.0,3900.0,1,2,2,1934,636,AMD,Gaming,0,2
AMD FX-4170 Quad-Core,30.77,125.0,2012-03-01,AM3+,Desktop,4200.0,4300.0,1,2,2,1751,537,AMD,Gaming,0,2
AMD FX-4200 Quad-Core,59.95,125.0,2013-12-01,AM3+,Desktop,3300.0,3900.0,1,4,1,1753,51,AMD,Gaming,0,2
AMD FX-4300 Quad-Core,20.37,95.0,2012-12-01,AM3+,Desktop,3800.0,4000.0,1,2,2,1813,2002,AMD,Gaming,0,2
AMD FX-4330,733.5,95.0,2015-12-01,AM3+,Desktop,4000.0,4100.0,1,2,2,1715,17,AMD,Gaming,0,2
AMD FX-4350 Quad-Core,95.44,125.0,2013-06-01,AM3+,Desktop,4200.0,4300.0,1,2,2,1704,635,AMD,Gaming,0,2
AMD FX-6100 Six-Core,24.84,95.0,2011-10-01,AM3+,Desktop,3300.0,3900.0,1,3,2,1582,3213,AMD,Gaming,0,2
AMD FX-6120 Six-Core,78.02,95.0,2012-06-01,AM3+,Desktop,3500.0,4100.0,1,3,2,1537,215,AMD,Gaming,0,2
AMD FX-6200 Six-Core,299.95,125.0,2012-03-01,AM3+,Desktop,3800.0,4100.0,1,3,2,1496,518,AMD,Gaming,0,2
AMD FX-6300 Six-Core,29.98,95.0,2012-10-01,AM3+,Desktop,3500.0,4100.0,1,3,2,1471,11391,AMD,Gaming,0,2
AMD FX-6350 Six-Core,46.26,125.0,2013-05-01,AM3+,Desktop,3900.0,4200.0,1,3,2,1412,1594,AMD,Gaming,0,2
AMD FX-8100 Eight-Core,132.02,95.0,2012-01-01,AM3+,Desktop,2800.0,3700.0,1,4,2,1502,42,AMD,Gaming,0,2
AMD FX-8120 Eight-Core,32.53,125.0,2011-10-01,AM3+,Desktop,3100.0,4000.0,1,4,2,1385,2449,AMD,Gaming,0,2
AMD FX-8140 Eight-Core,148.86,95.0,2012-03-01,AM3+,Desktop,3200.0,4100.0,1,4,2,1350,7,AMD,Gaming,0,2
AMD FX-8150 Eight-Core,50.03,125.0,2011-09-01,AM3+,Desktop,3600.0,4200.0,1,4,2,1305,2314,AMD,Gaming,0,2
AMD FX-8300 Eight-Core,49.99,95.0,2013-01-01,AM3+,Desktop,3300.0,4200.0,1,4,2,1284,1767,AMD,Gaming,0,2
AMD FX-8310 Eight-Core,831.15,95.0,2014-10-01,AM3+,Desktop,3400.0,4300.0,1,4,2,1311,208,AMD,Gaming,0,2
AMD FX-8320 Eight-Core,41.07,125.0,2012-10-01,AM3+,Desktop,3500.0,4000.0,1,4,2,1264,7319,AMD,Gaming,0,2
AMD FX-8320E Eight-Core,132.0,95.0,2014-10-01,AM3+,Desktop,3200.0,4000.0,1,4,2,1327,1581,AMD,Gaming,0,2
AMD FX-8350 Eight-Core,87.89,125.0,2012-10-01,AM3+,Desktop,4000.0,4200.0,1,4,2,1173,18461,AMD,Gaming,0,2
AMD FX-8370 Eight-Core,178.9,125.0,2014-09-01,AM3+,Desktop,4000.0,4300.0,1,4,2,1145,1369,AMD,Gaming,0,2
AMD FX-8370E Eight-Core,25.14,95.0,2014-09-01,AM3+,Desktop,3300.0,4300.0,1,4,2,1295,266,AMD,Gaming,0,2
AMD FX-9370 Eight-Core,129.97,220.0,2013-07-01,AM3+,Desktop,4400.0,4700.0,1,4,2,1177,947,AMD,Gaming,0,2
AMD FX-9590 Eight-Core,344.04,220.0,2013-08-01,AM3+,Desktop,4700.0,5000.0,1,4,2,1066,3171,AMD,Gaming,0,2
AMD FX-B4150 Quad-Core,89.68,95.0,2013-02-01,AM3+,Desktop,3800.0,4000.0,1,2,2,1662,2,AMD,Gaming,0,2
AMD Opteron 1212,290.0,103.0,2009-03-01,AM2,Server,2000.0,0.0,1,2,1,3401,10,AMD,Server,0,3
AMD Opteron 1214,84.52,103.0,2009-11-01,AM2,Server,2200.0,0.0,1,2,1,3288,3,AMD,Server,0,3
AMD Opteron 1216,54.85,103.0,2009-02-01,AM2,Server,2400.0,0.0,1,2,1,3197,7,AMD,Server,0,3
AMD Opteron 1352,135.99,75.0,2009-03-01,AM2,Server,2100.0,0.0,1,4,1,2542,7,AMD,Server,0,3
AMD Opteron 1354,238.01,75.0,2009-03-01,AM2,Server,2200.0,0.0,1,4,1,2492,18,AMD,Server,0,3
AMD Opteron 1356,89.99,75.0,2009-05-01,AM2,Server,2300.0,0.0,1,4,1,2442,3,AMD,Server,0,3
AMD Opteron 1385,45.0,115.0,2014-08-01,"AM2+,AM3",Server,2700.0,0.0,1,4,1,2317,7,AMD,Server,0,3
AMD Opteron 144,29.95,67.0,2008-11-01,939,Server,1800.0,0.0,1,1,1,3701,2,AMD,Server,0,3
AMD Opteron 146,35.0,67.0,2009-03-01,939,Server,2000.0,0.0,1,1,1,3663,2,AMD,Server,0,3
AMD Opteron 150,352.94,85.3,2009-03-01,939,Server,2400.0,0.0,1,1,1,3613,2,AMD,Server,0,3
AMD Opteron 165,550.0,110.0,2009-01-01,939,Server,1800.0,0.0,1,2,1,3473,11,AMD,Server,0,3
AMD Opteron 180,119.95,110.0,2009-02-01,939,Server,2400.0,0.0,1,2,1,3233,40,AMD,Server,0,3
AMD Opteron 2218,96.41,95.0,2009-03-01,F (1207),Server,2600.0,0.0,1,2,1,2949,3,AMD,Server,0,3
AMD Opteron 2220,1038.26,95.0,2009-04-01,F (1207),Server,2800.0,0.0,1,2,1,2879,2,AMD,Server,0,3
AMD Opteron 2220 SE,25.0,119.0,2009-09-01,F (1207),Server,2800.0,0.0,1,2,1,3069,2,AMD,Server,0,3
AMD Opteron 2222,19.0,95.0,2013-05-01,F (1207),Server,3000.0,0.0,1,2,1,2791,1,AMD,Server,0,3
AMD Opteron 2354,285.19,115.0,2013-09-01,F (1207),Server,2200.0,0.0,1,4,1,2572,1,AMD,Server,0,3
AMD Opteron 2356,79.95,75.0,2009-08-01,F (1207),Server,2300.0,0.0,1,4,1,2425,5,AMD,Server,0,3
AMD Opteron 2378,14.49,75.0,2009-03-01,F (1207),Server,2400.0,0.0,1,4,1,2339,3,AMD,Server,0,3
AMD Opteron 2427,55.0,75.0,2011-07-01,F (1207),Server,2200.0,0.0,1,6,1,2255,1,AMD,Server,0,3
AMD Opteron 2431,24.99,75.0,2009-08-01,F (1207),Server,2400.0,0.0,1,6,1,1825,1,AMD,Server,0,3
AMD Opteron 2435,10.95,75.0,2013-03-01,F (1207),Server,2600.0,0.0,1,6,1,1772,1,AMD,Server,0,3
AMD Opteron 270,270.75,95.0,2012-08-01,940,Server,2000.0,0.0,1,2,1,3247,3,AMD,Server,0,3
AMD Opteron 275,129.95,95.0,2008-12-01,940,Server,2200.0,0.0,1,2,1,3131,2,AMD,Server,0,3
AMD Opteron 280,263.99,95.0,2009-03-01,940,Server,2400.0,0.0,1,2,1,3213,3,AMD,Server,0,3
AMD Opteron 285,24.95,95.0,2009-04-01,940,Server,2600.0,0.0,1,2,1,3021,2,AMD,Server,0,3
AMD Opteron 290,135.0,95.0,2009-06-01,940,Server,2800.0,0.0,1,2,1,3026,3,AMD,Server,0,3
AMD Opteron 3250 HE,99.0,45.0,2019-05-01,AM3+,Server,2500.0,3500.0,1,2,2,2226,2,AMD,Server,0,3
AMD Opteron 3280,72.02,65.0,2012-08-01,AM3+,Server,2400.0,2700.0,1,8,1,1574,12,AMD,Server,0,3
AMD Opteron 3320 EE,562.0,25.0,2016-06-01,AM3+,Server,1900.0,2500.0,1,2,2,2303,3,AMD,Server,0,3
AMD Opteron 3350 HE,392.0,45.0,2013-06-01,Unknown,Server,2800.0,3800.0,1,4,1,1862,6,AMD,Server,0,3
AMD Opteron 3380,809.0,65.0,2013-04-01,Unknown,Server,2600.0,2900.0,1,8,1,1483,3,AMD,Server,0,3
AMD Opteron 4130,229.95,95.0,2016-05-01,F (1207),Server,2600.0,3200.0,1,4,1,2060,1,AMD,Server,0,3
AMD Opteron 4162 EE,19.99,35.0,2015-01-01,F (1207),Server,1700.0,0.0,1,6,1,2227,1,AMD,Server,0,3
AMD Opteron 4170 HE,329.95,65.0,2010-12-01,C32,Server,2100.0,0.0,1,6,1,2039,1,AMD,Server,0,3
AMD Opteron 4184,498.95,95.0,2011-08-01,C32,Server,2800.0,0.0,1,6,1,1848,1,AMD,Server,0,3
AMD Opteron 4226,94.96,95.0,2013-03-01,Socket C32,Server,2700.0,2900.0,1,3,2,1651,1,AMD,Server,0,3
AMD Opteron 4274 HE,76.96,65.0,2012-06-01,C32,Server,2500.0,2800.0,1,4,2,1208,1,AMD,Server,0,3
AMD Opteron 4280,94.99,95.0,2014-02-01,Socket C32,Server,2800.0,3100.0,1,4,2,1410,1,AMD,Server,0,3
AMD Opteron 4284,101.84,95.0,2013-02-01,Socket C32,Server,3000.0,3300.0,1,4,2,1382,1,AMD,Server,0,3
AMD Opteron 4332 HE,36.99,65.0,2015-09-01,Socket C32,Server,3000.0,3700.0,1,6,1,1527,4,AMD,Server,0,3
AMD Opteron 4334,129.95,95.0,2016-03-01,Socket C32,Server,3100.0,3500.0,1,3,2,1519,2,AMD,Server,0,3
AMD Opteron 4386,239.67,95.0,2014-06-01,C32,Server,3100.0,3800.0,1,4,2,1433,2,AMD,Server,0,3
AMD Opteron 6128,269.0,115.0,2010-04-01,G34,Server,2000.0,0.0,1,8,1,1861,5,AMD,Server,0,3
AMD Opteron 6136,349.0,115.0,2013-06-01,Socket G34,Server,2400.0,0.0,1,8,1,1659,2,AMD,Server,0,3
AMD Opteron 6172,199.95,115.0,2010-08-01,G34,Server,2100.0,0.0,1,12,1,1872,2,AMD,Server,0,3
AMD Opteron 6174,742.52,115.0,2013-05-01,Socket G34,Server,2200.0,3200.0,1,12,1,1580,3,AMD,Server,0,3
AMD Opteron 6176 SE,249.89,140.0,2010-08-01,G34,Server,2300.0,0.0,1,12,1,1607,2,AMD,Server,0,3
AMD Opteron 6212,214.5,115.0,2013-05-01,Socket G34,Server,2600.0,2900.0,1,4,2,1510,2,AMD,Server,0,3
AMD Opteron 6220,200.1,115.0,2013-07-01,Socket G34,Server,3000.0,3600.0,1,4,2,1367,1,AMD,Server,0,3
AMD Opteron 6234,450.99,115.0,2012-01-01,G34,Server,2400.0,3000.0,1,6,2,1499,4,AMD,Server,0,3
AMD Opteron 6238,39.94,115.0,2014-12-01,Socket G34,Server,2600.0,3200.0,1,6,2,1230,2,AMD,Server,0,3
AMD Opteron 6272,70.0,115.0,2011-12-01,G34,Server,2100.0,3000.0,1,8,2,1301,6,AMD,Server,0,3
AMD Opteron 6274,690.1,115.0,2012-02-01,G34,Server,2200.0,3100.0,1,8,2,1290,3,AMD,Server,0,3
AMD Opteron 6276,32.98,115.0,2013-03-01,Socket G34,Server,2300.0,2600.0,1,8,2,1126,7,AMD,Server,0,3
AMD Opteron 6282 SE,700.1,140.0,2013-02-01,Unknown,Server,2600.0,3000.0,1,16,1,1104,2,AMD,Server,0,3
AMD Opteron 6328,650.1,115.0,2013-07-01,G34,Server,3200.0,3800.0,1,4,2,1279,6,AMD,Server,0,3
AMD Opteron 6344,54.95,115.0,2013-07-01,Unknown,Server,2600.0,3200.0,1,6,2,1160,1,AMD,Server,0,3
AMD Opteron 6348,1000.1,115.0,2013-05-01,Unknown,Server,2800.0,3100.0,1,6,2,899,2,AMD,Server,0,3
AMD Opteron 6366 HE,343.99,85.0,2014-04-01,Unknown,Server,1800.0,2300.0,1,8,2,1351,1,AMD,Server,0,3
AMD Opteron 6378,1000.1,115.0,2015-02-01,G34,Server,2400.0,3300.0,1,8,2,1190,2,AMD,Server,0,3
AMD Opteron 6380,995.1,115.0,2015-03-01,G34,Server,2500.0,3400.0,1,8,2,1086,9,AMD,Server,0,3
AMD Opteron 6386 SE,800.1,140.0,2014-07-01,Socket G34,Server,2800.0,3500.0,1,16,1,868,5,AMD,Server,0,3
AMD Opteron 8439 SE,52.0,105.0,2013-02-01,F (1207),Server,2800.0,0.0,1,6,1,1997,1,AMD,Server,0,3
AMD Phenom 8250e Triple-Core,46.99,65.0,2009-08-01,940,Desktop,1900.0,0.0,1,3,1,2901,15,AMD,Casual / Office,0,0
AMD Phenom 8450 Triple-Core,16.99,95.0,2008-12-01,AM2+,Desktop,2100.0,0.0,1,3,1,2777,253,AMD,Casual / Office,0,0
AMD Phenom 8600 Triple-Core,52.99,95.0,2009-02-01,AM2+,Desktop,2300.0,0.0,1,3,1,2782,41,AMD,Casual / Office,0,0
AMD Phenom 8600B Triple-Core,14.95,95.0,2009-04-01,AM2+,Desktop,2300.0,0.0,1,3,1,2646,61,AMD,Casual / Office,0,0
AMD Phenom 8650 Triple-Core,19.0,95.0,2008-12-01,AM2+,Desktop,2300.0,0.0,1,3,1,2786,223,AMD,Casual / Office,0,0
AMD Phenom 9100e Quad-Core,34.95,65.0,2009-02-01,AM2+,Desktop,1800.0,0.0,1,4,1,2727,56,AMD,Casual / Office,0,0
AMD Phenom 9150e Quad-Core,247.5,65.0,2009-02-01,AM2+,Desktop,1800.0,0.0,1,4,1,2633,205,AMD,Casual / Office,0,0
AMD Phenom 9450e Quad-Core,105.0,65.0,2010-03-01,AM2+,Desktop,2100.0,0.0,1,4,1,2602,9,AMD,Casual / Office,0,0
AMD Phenom 9500 Quad-Core,29.99,95.0,2008-11-01,AM2+,Desktop,2200.0,0.0,1,4,1,2556,400,AMD,Casual / Office,0,0
AMD Phenom 9550 Quad-Core,29.99,95.0,2008-12-01,AM2+,Desktop,2200.0,0.0,1,4,1,2505,479,AMD,Casual / Office,0,0
AMD Phenom 9600 Quad-Core,39.95,95.0,2008-12-01,AM2+,Desktop,2300.0,0.0,1,4,1,2555,235,AMD,Casual / Office,0,0
AMD Phenom 9600B Quad-Core,39.95,95.0,2009-03-01,AM2+,Desktop,2300.0,0.0,1,4,1,2405,69,AMD,Casual / Office,0,0
AMD Phenom 9650 Quad-Core,39.99,95.0,2008-12-01,AM2+,Desktop,2300.0,0.0,1,4,1,2445,491,AMD,Casual / Office,0,0
AMD Phenom 9750 Quad-Core,48.02,125.0,2008-12-01,AM2+,Desktop,2400.0,0.0,1,4,1,2365,382,AMD,Casual / Office,0,0
AMD Phenom 9850 Quad-Core,129.99,125.0,2008-11-01,AM2+,Desktop,2500.0,0.0,1,4,1,2435,478,AMD,Casual / Office,0,0
AMD Phenom 9950 Quad-Core,199.99,125.0,2008-11-01,AM2+,Desktop,2600.0,0.0,1,4,1,2296,378,AMD,Casual / Office,0,0
AMD Phenom II N620 Dual-Core,3.99,35.0,2010-06-01,S1,Laptop,2800.0,0.0,1,2,1,2967,91,AMD,Casual / Office,0,0
AMD Phenom II N640 Dual-Core,54.95,35.0,2010-10-01,S1,Laptop,2900.0,0.0,1,2,1,3013,57,AMD,Casual / Office,0,0
AMD Phenom II N660 Dual-Core,89.0,35.0,2011-01-01,S1,Laptop,3000.0,0.0,1,2,1,2917,126,AMD,Casual / Office,0,0
AMD Phenom II N850 Triple-Core,25.0,35.0,2010-09-01,S1,Laptop,2200.0,0.0,1,3,1,2750,87,AMD,Casual / Office,0,0
AMD Phenom II N930 Quad-Core,129.95,35.0,2010-04-01,S1,Laptop,2000.0,0.0,1,4,1,2513,155,AMD,Casual / Office,0,0
AMD Phenom II N950 Quad-Core,112.6,35.0,2010-10-01,S1,Laptop,2100.0,0.0,1,4,1,2567,98,AMD,Casual / Office,0,0
AMD Phenom II N970 Quad-Core,149.99,35.0,2011-03-01,S1,Laptop,2200.0,0.0,1,4,1,2471,139,AMD,Casual / Office,0,0
AMD Phenom II P650 Dual-Core,35.0,35.0,2011-02-01,S1,Laptop,2600.0,0.0,1,2,1,3046,58,AMD,Casual / Office,0,0
AMD Phenom II P920 Quad-Core,65.0,25.0,2010-07-01,S1,Laptop,1600.0,0.0,1,4,1,2829,48,AMD,Casual / Office,0,0
AMD Phenom II P960 Quad-Core,39.12,35.0,2011-02-01,S1,Laptop,1800.0,0.0,1,4,1,2634,206,AMD,Casual / Office,0,0
AMD Phenom II X2 545,43.98,80.0,2009-08-01,AM2+/AM3,Desktop,3000.0,0.0,1,2,1,2865,87,AMD,Casual / Office,0,0
AMD Phenom II X2 550,41.35,80.0,2009-06-01,AM2+/AM3,Desktop,3100.0,0.0,1,2,1,2825,449,AMD,Casual / Office,0,0
AMD Phenom II X2 555,12.99,80.0,2010-02-01,AM2+/AM3,Desktop,3200.0,0.0,1,2,1,2705,463,AMD,Casual / Office,0,0
AMD Phenom II X2 560,17.82,80.0,2010-10-01,AM2+/AM3,Unknown,3300.0,0.0,1,2,1,2635,188,AMD,Casual / Office,0,0
AMD Phenom II X2 565,168.87,80.0,2011-01-01,AM2+/AM3,Desktop,3400.0,0.0,1,2,1,2641,35,AMD,Casual / Office,0,0
AMD Phenom II X2 B55,37.95,80.0,2009-12-01,AM3,Desktop,3000.0,0.0,1,2,1,2839,62,AMD,Casual / Office,0,0
AMD Phenom II X2 B59,48.02,80.0,2012-01-01,AM2+/AM3,Unknown,3400.0,0.0,1,2,1,2619,52,AMD,Casual / Office,0,0
AMD Phenom II X3 705e,152.34,65.0,2009-07-01,AM3,Desktop,2500.0,0.0,1,3,1,2773,23,AMD,Casual / Office,0,0
AMD Phenom II X3 710,169.0,95.0,2009-02-01,AM3,Desktop,2600.0,0.0,1,3,1,2535,155,AMD,Casual / Office,0,0
AMD Phenom II X3 720,64.45,95.0,2009-02-01,AM3,Desktop,2800.0,0.0,1,3,1,2571,386,AMD,Casual / Office,0,0
AMD Phenom II X3 740,88.99,95.0,2010-07-01,Unknown,Unknown,3000.0,0.0,1,3,1,2626,14,AMD,Casual / Office,0,0
AMD Phenom II X3 B73,75.0,95.0,2010-07-01,AM3,Desktop,2800.0,0.0,1,3,1,2549,11,AMD,Casual / Office,0,0
AMD Phenom II X3 B75,49.95,95.0,2009-08-01,AM3,Desktop,3000.0,0.0,1,3,1,2528,62,AMD,Casual / Office,0,0
AMD Phenom II X3 B77,22.29,95.0,2012-04-01,AM2+/AM3,Unknown,3200.0,0.0,1,3,1,2357,5,AMD,Casual / Office,0,0
AMD Phenom II X4 805,173.99,95.0,2009-04-01,AM3,Desktop,2500.0,0.0,1,4,1,2298,45,AMD,Casual / Office,0,0
AMD Phenom II X4 810,213.0,95.0,2009-02-01,AM3,Desktop,2600.0,0.0,1,4,1,2292,309,AMD,Casual / Office,0,0
AMD Phenom II X4 820,62.02,95.0,2009-11-01,AM3,Desktop,2800.0,0.0,1,4,1,2219,226,AMD,Casual / Office,0,0
AMD Phenom II X4 830,19.01,95.0,2010-07-01,AM2+/AM3,Unknown,2800.0,0.0,1,4,1,2207,162,AMD,Casual / Office,0,0
AMD Phenom II X4 840,42.0,95.0,2011-02-01,AM2+/AM3,Desktop,3200.0,0.0,1,4,1,2054,700,AMD,Gaming,0,2
AMD Phenom II X4 840T,58.02,95.0,2010-11-01,AM2+/AM3,Unknown,2900.0,3200.0,1,4,1,2090,152,AMD,Casual / Office,0,0
AMD Phenom II X4 850,64.99,95.0,2011-07-01,AM2+/AM3,Unknown,3300.0,0.0,1,4,1,2088,114,AMD,Gaming,0,2
AMD Phenom II X4 905e,53.99,65.0,2009-06-01,AM3,Desktop,2500.0,0.0,1,4,1,2318,48,AMD,Casual / Office,0,0
AMD Phenom II X4 910,100.0,95.0,2009-03-01,AM3,Desktop,2600.0,0.0,1,4,1,2393,103,AMD,Casual / Office,0,0
AMD Phenom II X4 910e,69.9,65.0,2010-05-01,AM3,Desktop,2600.0,0.0,1,4,1,2216,45,AMD,Casual / Office,0,0
AMD Phenom II X4 920,27.89,125.0,2009-01-01,AM2+,Desktop,2800.0,0.0,1,4,1,2238,190,AMD,Casual / Office,0,0
AMD Phenom II X4 925,20.76,95.0,2009-03-01,AM3,Desktop,2800.0,0.0,1,4,1,2151,556,AMD,Casual / Office,0,0
AMD Phenom II X4 940,870.0,125.0,2009-01-01,AM2+,Desktop,3000.0,0.0,1,4,1,2111,587,AMD,Gaming,0,2
AMD Phenom II X4 945,26.95,125.0,2009-04-01,AM3,Desktop,3000.0,0.0,1,4,1,2085,1570,AMD,Gaming,0,2
AMD Phenom II X4 955,176.18,125.0,2009-03-01,AM3,Desktop,3200.0,0.0,1,4,1,2006,3885,AMD,Gaming,0,2
AMD Phenom II X4 960T,25.11,95.0,2011-06-01,AM3,Desktop,3000.0,3400.0,1,4,1,2113,402,AMD,Gaming,0,2
AMD Phenom II X4 965,74.02,125.0,2009-08-01,AM3,Desktop,3400.0,0.0,1,4,1,1958,4731,AMD,Gaming,0,2
AMD Phenom II X4 970,65.0,125.0,2010-09-01,AM3,Unknown,3500.0,0.0,1,4,1,1928,367,AMD,Gaming,0,2
AMD Phenom II X4 975,69.95,125.0,2011-01-01,AM3,Unknown,3600.0,0.0,1,4,1,1954,200,AMD,Gaming,0,2
AMD Phenom II X4 980,130.0,125.0,2011-07-01,AM3,Unknown,3700.0,0.0,1,4,1,1858,117,AMD,Gaming,0,2
AMD Phenom II X4 B95,62.02,95.0,2010-01-01,AM3,Desktop,3000.0,0.0,1,4,1,2062,151,AMD,Gaming,0,2
AMD Phenom II X4 B97,79.95,95.0,2010-09-01,AM2+/AM3,Desktop,3200.0,0.0,1,4,1,1990,106,AMD,Gaming,0,2
AMD Phenom II X6 1035T,108.0,95.0,2010-05-01,AM3,Desktop,2600.0,3100.0,1,6,1,1809,333,AMD,Casual / Office,0,0
AMD Phenom II X6 1045T,44.05,95.0,2010-09-01,AM3,Desktop,2700.0,3200.0,1,6,1,1774,890,AMD,Casual / Office,0,0
AMD Phenom II X6 1055T,49.21,125.0,2010-04-01,AM3,Desktop,2800.0,3300.0,1,6,1,1705,2458,AMD,Casual / Office,0,0
AMD Phenom II X6 1065T,99.98,95.0,2011-03-01,AM3,Desktop,2900.0,3400.0,1,6,1,1668,161,AMD,Casual / Office,0,0
AMD Phenom II X6 1075T,66.03,125.0,2010-09-01,AM3,Desktop,3000.0,3500.0,1,6,1,1687,402,AMD,Gaming,0,2
AMD Phenom II X6 1090T,90.18,125.0,2010-04-01,AM3,Desktop,3200.0,3600.0,1,6,1,1581,2700,AMD,Gaming,0,2
AMD Phenom II X6 1100T,128.85,125.0,2010-12-01,AM3,Desktop,3300.0,3700.0,1,6,1,1559,1404,AMD,Gaming,0,2
AMD Phenom X3 8550,29.95,95.0,2009-05-01,AM2/AM2+,Desktop,2200.0,0.0,1,3,1,3004,74,AMD,Casual / Office,0,0
AMD PRO A10-9700,169.0,65.0,2016-11-01,AM4,Desktop,3500.0,3800.0,1,2,2,1583,26,AMD,Gaming,0,2
AMD PRO A10-9700E,139.0,35.0,2016-07-01,AM4,Desktop,3000.0,3500.0,1,2,2,1839,39,AMD,Gaming,0,2
AMD PRO A12-9800,169.0,65.0,2017-01-01,AM4,Desktop,3800.0,4200.0,1,4,1,1563,27,AMD,Gaming,0,2
AMD PRO A12-9800E,169.0,35.0,2017-01-01,AM4,Desktop,3100.0,3800.0,1,4,1,1740,33,AMD,Gaming,0,2
AMD PRO A4-8350B,28.99,65.0,2016-02-01,FM2+,Desktop,3500.0,3900.0,1,1,2,2534,9,AMD,Gaming,0,2
AMD PRO A6-9500,74.0,65.0,2017-01-01,AM4,Desktop,3500.0,3800.0,1,2,1,2448,23,AMD,Gaming,0,2
AMD PRO A6-9500E,74.0,35.0,2017-01-01,AM4,Desktop,3000.0,3400.0,1,2,1,2463,16,AMD,Casual / Office,0,0
AMD PRO A8-9600,119.0,65.0,2016-09-01,AM4,Desktop,3100.0,3400.0,1,2,2,1693,27,AMD,Casual / Office,0,0
AMD Ryzen 3 1200,54.5,65.0,2017-06-01,AM4,Desktop,3100.0,3400.0,1,4,1,1116,1185,AMD,Gaming,0,2
AMD Ryzen 3 1300X,74.98,65.0,2017-08-01,AM4,Desktop,3500.0,3700.0,1,4,1,1033,322,AMD,Gaming,0,2
AMD Ryzen 3 2200G,248.02,65.0,2018-02-01,AM4,Desktop,3500.0,3700.0,1,4,1,1062,2679,AMD,Gaming,0,2
AMD Ryzen 3 2300X,178.09,65.0,2019-01-01,AM4,Desktop,3500.0,4000.0,1,4,1,936,105,AMD,Gaming,0,2
AMD Ryzen 3 3100,134.99,65.0,2020-05-01,AM4,Desktop,3600.0,3900.0,1,4,2,661,928,AMD,Gaming,0,2
AMD Ryzen 3 3200G,94.99,65.0,2019-07-01,AM4,Desktop,3600.0,4000.0,1,4,1,992,1954,AMD,Gaming,0,2
AMD Ryzen 3 3300X,235.0,65.0,2020-05-01,AM4,Desktop,3800.0,4300.0,1,4,2,630,322,AMD,Gaming,0,2
AMD Ryzen 3 4100,113.5,65.0,2022-04-01,AM4,Desktop,3800.0,4000.0,1,4,2,688,22,AMD,Gaming,0,2
AMD Ryzen 3 4300G,149.66,65.0,2020-07-01,AM4,Desktop,3800.0,4000.0,1,4,2,709,43,AMD,Gaming,0,2
AMD Ryzen 5 1400,71.98,65.0,2017-04-01,AM4,Desktop,3200.0,3400.0,1,4,2,919,1076,AMD,Gaming,0,2
AMD Ryzen 5 1500X,70.7,65.0,2017-04-01,AM4,Desktop,3500.0,3700.0,1,4,2,815,750,AMD,Gaming,0,2
AMD Ryzen 5 1600,73.79,65.0,2017-03-01,AM4,Desktop,3200.0,3600.0,1,6,2,638,6324,AMD,Gaming,0,2
AMD Ryzen 5 1600X,81.18,95.0,2017-04-01,AM4,Desktop,3600.0,4000.0,1,6,2,609,2673,AMD,Gaming,0,2
AMD Ryzen 5 2400G,121.3,65.0,2018-02-01,AM4,Desktop,3600.0,3900.0,1,4,2,834,2736,AMD,Gaming,0,2
AMD Ryzen 5 2600,79.89,65.0,2018-04-01,AM4,Desktop,3400.0,3900.0,1,6,2,598,9189,AMD,Gaming,0,2
AMD Ryzen 5 2600X,203.0,95.0,2018-04-01,AM4,Desktop,3600.0,4200.0,1,6,2,560,4682,AMD,Gaming,0,2
AMD Ryzen 5 3400G,144.99,65.0,2019-07-01,AM4,Desktop,3700.0,4200.0,1,4,2,791,2023,AMD,Gaming,0,2
AMD Ryzen 5 3500X,179.99,65.0,2019-10-01,AM4,Desktop,3600.0,4100.0,1,6,1,599,706,AMD,Gaming,0,2
AMD Ryzen 5 3600,114.73,65.0,2019-06-01,AM4,Desktop,3600.0,4200.0,1,6,2,413,18042,AMD,Gaming,0,2
AMD Ryzen 5 3600X,230.0,95.0,2019-07-01,AM4,Desktop,3800.0,4400.0,1,6,2,397,4957,AMD,Gaming,0,2
AMD Ryzen 5 3600XT,349.0,95.0,2020-07-01,AM4,Desktop,3800.0,4500.0,1,6,2,382,784,AMD,Gaming,0,2
AMD Ryzen 5 4500,79.0,65.0,2022-04-01,AM4,Desktop,3600.0,4100.0,1,6,2,469,81,AMD,Gaming,0,2
AMD Ryzen 5 4600G,104.0,65.0,2020-07-01,AM4,Desktop,3700.0,4200.0,1,6,2,486,192,AMD,Gaming,0,2
AMD Ryzen 5 5500,81.82,65.0,2022-04-01,AM4,Desktop,3600.0,4200.0,1,6,2,361,539,AMD,Gaming,0,2
AMD Ryzen 5 5600,139.0,65.0,2022-04-01,AM4,Desktop,3500.0,4400.0,1,6,2,296,818,AMD,Gaming,0,2
AMD Ryzen 5 5600G,127.99,65.0,2021-05-01,AM4,Desktop,3900.0,4400.0,1,6,2,347,2958,AMD,Gaming,0,2
AMD Ryzen 5 5600X,147.99,65.0,2020-10-01,AM4,Desktop,3700.0,4600.0,1,6,2,287,9565,AMD,Gaming,0,2
AMD Ryzen 5 7600X,247.0,105.0,2022-09-01,AM5,Desktop,4700.0,5300.0,1,6,2,155,100,AMD,Gaming,0,2
AMD Ryzen 5 PRO 4650G,144.49,65.0,2020-07-01,AM4,Desktop,3700.0,4200.0,1,6,2,462,504,AMD,Gaming,0,2
AMD Ryzen 7 1700,101.66,65.0,2017-03-01,AM4,Desktop,3000.0,3700.0,1,8,2,519,4308,AMD,Desain & Streaming,0,1
AMD Ryzen 7 1700X,135.96,95.0,2017-03-01,AM4,Desktop,3400.0,3800.0,1,8,2,483,2891,AMD,Desain & Streaming,0,1
AMD Ryzen 7 1800X,295.0,95.0,2017-02-01,AM4,Desktop,3600.0,4000.0,1,8,2,458,2456,AMD,Desain & Streaming,0,1
AMD Ryzen 7 2700,143.99,65.0,2018-04-01,AM4,Desktop,3200.0,4100.0,1,8,2,481,2906,AMD,Desain & Streaming,0,1
AMD Ryzen 7 2700X,128.86,105.0,2018-04-01,AM4,Desktop,3700.0,4300.0,1,8,2,420,9204,AMD,Desain & Streaming,0,1
AMD Ryzen 7 3700X,260.0,65.0,2019-07-01,AM4,Desktop,3600.0,4400.0,1,8,2,266,14091,AMD,Desain & Streaming,0,1
AMD Ryzen 7 3800X,291.0,105.0,2019-07-01,AM4,Desktop,3900.0,4500.0,1,8,2,244,4367,AMD,Desain & Streaming,0,1
AMD Ryzen 7 3800XT,450.0,105.0,2020-07-01,AM4,Desktop,3900.0,4700.0,1,8,2,232,458,AMD,Desain & Streaming,0,1
AMD Ryzen 7 4700G,237.3,65.0,2020-09-01,AM4,Desktop,3600.0,4400.0,1,8,2,335,115,AMD,Desain & Streaming,0,1
AMD Ryzen 7 5700G,178.61,65.0,2021-05-01,AM4,Desktop,3800.0,4600.0,1,8,2,218,2181,AMD,Desain & Streaming,0,1
AMD Ryzen 7 5700X,199.99,65.0,2022-04-01,AM4,Desktop,3400.0,4600.0,1,8,2,182,733,AMD,Desain & Streaming,0,1
AMD Ryzen 7 5800X,239.99,105.0,2020-11-01,AM4,Desktop,3800.0,4700.0,1,8,2,163,6967,AMD,Desain & Streaming,0,1
AMD Ryzen 7 5800X3D,366.0,105.0,2022-04-01,AM4,Desktop,3400.0,4500.0,1,8,2,168,686,AMD,Desain & Streaming,0,1
AMD Ryzen 7 7700X,340.01,105.0,2022-10-01,AM5,Desktop,4500.0,5400.0,1,8,2,93,207,AMD,Desain & Streaming,0,1
AMD Ryzen 7 PRO 3700,329.99,65.0,2019-09-01,AM4,Desktop,3600.0,4400.0,1,8,2,255,117,AMD,Desain & Streaming,0,1
AMD Ryzen 7 PRO 4750G,259.99,65.0,2020-07-01,AM4,Desktop,3600.0,4400.0,1,8,2,324,310,AMD,Desain & Streaming,0,1
AMD Ryzen 9 3900,504.74,65.0,2019-10-01,AM4,Desktop,3100.0,4300.0,1,12,2,131,220,AMD,Desain & Streaming,0,1
AMD Ryzen 9 3900X,380.0,105.0,2019-07-01,AM4,Desktop,3800.0,4600.0,1,12,2,116,10633,AMD,Desain & Streaming,0,1
AMD Ryzen 9 3900XT,369.99,105.0,2020-07-01,AM4,Desktop,3800.0,4700.0,1,12,2,114,888,AMD,Desain & Streaming,0,1
AMD Ryzen 9 3950X,541.3,105.0,2019-11-01,AM4,Desktop,3500.0,4700.0,1,16,2,82,2562,AMD,Desain & Streaming,0,1
AMD Ryzen 9 5900X,340.0,105.0,2020-11-01,AM4,Desktop,3700.0,4800.0,1,12,2,80,8193,AMD,Desain & Streaming,0,1
AMD Ryzen 9 5950X,498.99,105.0,2020-10-01,AM4,Desktop,3400.0,4900.0,1,16,2,56,6126,AMD,Desain & Streaming,0,1
AMD Ryzen 9 7900X,439.99,170.0,2022-09-01,AM5,Desktop,4700.0,5600.0,1,12,2,38,212,AMD,Desain & Streaming,0,1
AMD Ryzen 9 7950X,573.84,170.0,2022-09-01,AM5,Desktop,4500.0,5700.0,1,16,2,21,509,AMD,Desain & Streaming,0,1
AMD Ryzen Threadripper 1900X,199.99,180.0,2017-09-01,sTR4,Desktop,3800.0,4000.0,1,8,2,442,239,AMD,Desain & Streaming,0,1
AMD Ryzen Threadripper 1920X,300.0,180.0,2017-08-01,sTR4,Desktop,3500.0,4000.0,1,12,2,262,497,AMD,Desain & Streaming,0,1
AMD Ryzen Threadripper 1950X,548.7,180.0,2017-08-01,sTR4,Desktop,3400.0,4000.0,1,16,2,166,1246,AMD,Desain & Streaming,0,1
AMD Ryzen Threadripper 2920X,992.0,180.0,2018-11-01,sTR4,Desktop,3500.0,4300.0,1,12,2,210,204,AMD,Desain & Streaming,0,1
AMD Ryzen Threadripper 2970WX,899.95,250.0,2018-11-01,sTR4,"Desktop, Server",3000.0,4200.0,1,24,2,138,84,AMD,Server,0,3
AMD Sempron 130,30.0,45.0,2012-04-01,AM2+/AM3,Unknown,2600.0,0.0,1,1,1,3500,16,AMD,Casual / Office,0,0
AMD Sempron 140,11.95,45.0,2009-08-01,AM3,Desktop,2700.0,0.0,1,1,1,3533,281,AMD,Casual / Office,0,0
AMD Sempron 145,39.99,45.0,2010-10-01,AM3,Desktop,2800.0,0.0,1,1,1,3494,278,AMD,Casual / Office,0,0
AMD Sempron 150,14.95,45.0,2011-04-01,AM3,Desktop,2900.0,0.0,1,1,1,3394,20,AMD,Casual / Office,0,0
AMD Sempron 200U,87.0,8.0,2011-05-01,Unknown,Unknown,1000.0,0.0,1,1,1,3976,1,AMD,Casual / Office,0,0
AMD Sempron 2200+,39.95,0.0,2009-01-01,Socket A,Desktop,1500.0,0.0,1,1,1,3896,27,AMD,Casual / Office,0,0
AMD Sempron 2300+,45.0,0.0,2009-03-01,Socket A,Desktop,1583.0,0.0,1,1,1,3863,8,AMD,Casual / Office,0,0
AMD Sempron 240,36.1,65.0,2018-10-01,FM2,Desktop,2900.0,3300.0,1,2,1,2730,1,AMD,Casual / Office,0,0
AMD Sempron 2400+,12.99,0.0,2008-12-01,Socket A,Desktop,1667.0,0.0,1,1,1,3867,22,AMD,Casual / Office,0,0
AMD Sempron 2500+,59.95,0.0,2009-03-01,Socket A,Desktop,1750.0,0.0,1,1,1,3862,42,AMD,Casual / Office,0,0
AMD Sempron 2600+,34.95,0.0,2008-12-01,Socket A,Desktop,1833.0,0.0,1,1,1,3796,50,AMD,Casual / Office,0,0
AMD Sempron 2650 APU,157.99,25.0,2014-04-01,"AM1,FSB1",Desktop,1450.0,0.0,1,2,1,3440,46,AMD,Casual / Office,0,0
AMD Sempron 2800+,29.95,62.0,2008-12-01,AM2,Desktop,2000.0,0.0,1,1,1,3812,128,AMD,Casual / Office,0,0
AMD Sempron 3000+,34.95,62.0,2008-12-01,AM2,Desktop,2000.0,0.0,1,1,1,3777,187,AMD,Casual / Office,0,0
AMD Sempron 3100+,65.0,62.0,2009-03-01,754,Desktop,1800.0,0.0,1,1,1,3727,27,AMD,Casual / Office,0,0
AMD Sempron 3200+,124.68,62.0,2009-01-01,AM2,Desktop,1800.0,0.0,1,1,1,3802,79,AMD,Casual / Office,0,0
AMD Sempron 3300+,20.0,62.0,2008-12-01,754,Desktop,2200.0,0.0,1,1,1,3707,13,AMD,Casual / Office,0,0
AMD Sempron 3400+,86.68,62.0,2008-12-01,AM2,Desktop,2000.0,0.0,1,1,1,3739,103,AMD,Casual / Office,0,0
AMD Sempron 3500+,24.99,62.0,2009-03-01,AM2,Desktop,2000.0,0.0,1,1,1,3835,10,AMD,Casual / Office,0,0
AMD Sempron 3600+,15.0,62.0,2009-03-01,AM2,Desktop,2000.0,0.0,1,1,1,3642,32,AMD,Casual / Office,0,0
AMD Sempron 3800+,14.99,62.0,2008-12-01,AM2,Desktop,2200.0,0.0,1,1,1,3645,4,AMD,Casual / Office,0,0
AMD Sempron 3850 APU,47.58,25.0,2014-04-01,"AM1,FS1b",Desktop,1300.0,0.0,1,4,1,2838,100,AMD,Casual / Office,0,0
AMD Sempron Dual Core 2100,37.99,65.0,2009-03-01,Unknown,Unknown,1800.0,0.0,1,2,1,3469,6,AMD,Casual / Office,0,0
AMD Sempron Dual Core 2200,39.95,65.0,2009-05-01,Unknown,Unknown,2000.0,0.0,1,2,1,3436,10,AMD,Casual / Office,0,0
AMD Sempron Dual Core 2300,41.99,65.0,2009-09-01,Unknown,Unknown,2200.0,0.0,1,2,1,3449,7,AMD,Casual / Office,0,0
AMD Sempron LE-1100,34.95,45.0,2009-03-01,AM2,Desktop,1900.0,0.0,1,1,1,3703,47,AMD,Casual / Office,0,0
AMD Sempron LE-1150,14.94,45.0,2009-03-01,AM2,Desktop,2000.0,0.0,1,1,1,3800,34,AMD,Casual / Office,0,0
AMD Sempron LE-1200,14.95,45.0,2009-03-01,AM2,Desktop,2100.0,0.0,1,1,1,3658,38,AMD,Casual / Office,0,0
AMD Sempron LE-1250,99.99,45.0,2009-02-01,AM2,Desktop,2200.0,0.0,1,1,1,3723,87,AMD,Casual / Office,0,0
AMD Sempron LE-1300,27.0,45.0,2009-05-01,AM2,Desktop,2300.0,0.0,1,1,1,3602,49,AMD,Casual / Office,0,0
AMD Sempron M100,12.0,0.0,2009-11-01,Unknown,Unknown,2000.0,0.0,1,1,1,3674,37,AMD,Casual / Office,0,0
AMD Sempron SI-40,12.0,25.0,2009-03-01,S1,Laptop,2000.0,0.0,1,1,1,3748,33,AMD,Casual / Office,0,0
AMD Sempron SI-42,29.99,25.0,2009-03-01,S1,Laptop,2100.0,0.0,1,1,1,3787,122,AMD,Casual / Office,0,0
AMD Sempron X2 180,69.4,45.0,2011-12-01,Unknown,Unknown,2400.0,0.0,1,2,1,3146,5,AMD,Casual / Office,0,0
AMD Sempron X2 190,83.44,45.0,2012-06-01,AM2+/AM3,Unknown,2500.0,0.0,1,2,1,3088,17,AMD,Casual / Office,0,0
AMD Turion 64 Mobile ML-37,25.99,35.0,2009-03-01,754,Laptop,2000.0,0.0,1,1,1,3682,25,AMD,Casual / Office,0,0
AMD Turion 64 X2 Mobile TL-50,18.99,31.0,2009-02-01,S1,Laptop,1600.0,0.0,1,2,1,3547,135,AMD,Casual / Office,0,0
AMD Turion 64 X2 Mobile TL-56,65.4,31.0,2009-02-01,S1,Laptop,1800.0,0.0,1,2,1,3549,162,AMD,Casual / Office,0,0
AMD Turion 64 X2 Mobile TL-60,15.95,31.0,2009-02-01,S1,Laptop,2000.0,0.0,1,2,1,3383,390,AMD,Casual / Office,0,0
AMD Turion 64 X2 Mobile TL-62,29.0,35.0,2009-03-01,S1,Laptop,2100.0,0.0,1,2,1,3223,35,AMD,Casual / Office,0,0
AMD Turion 64 X2 Mobile TL-64,39.39,35.0,2009-03-01,S1,Laptop,2200.0,0.0,1,2,1,3311,83,AMD,Casual / Office,0,0
AMD Turion 64 X2 Mobile TL-66,89.0,35.0,2009-04-01,S1,Laptop,2300.0,0.0,1,2,1,3289,17,AMD,Casual / Office,0,0
AMD Turion 64 X2 Mobile TL-68,90.0,35.0,2009-03-01,S1,Laptop,2400.0,0.0,1,2,1,3102,20,AMD,Casual / Office,0,0
AMD Turion Dual-Core RM-70,25.0,31.0,2008-12-01,S1,Laptop,2000.0,0.0,1,2,1,3438,36,AMD,Casual / Office,0,0
AMD Turion Dual-Core RM-72,29.99,35.0,2009-02-01,S1,Laptop,2100.0,0.0,1,2,1,3341,20,AMD,Casual / Office,0,0
AMD Turion Dual-Core RM-75,21.49,35.0,2009-08-01,S1,Laptop,2200.0,0.0,1,2,1,3332,14,AMD,Casual / Office,0,0
AMD Turion II Dual-Core Mobile M520,69.1,35.0,2009-10-01,S1,Laptop,2300.0,0.0,1,2,1,3137,160,AMD,Casual / Office,0,0
AMD Turion II N530 Dual-Core,30.0,35.0,2010-06-01,S1,Laptop,2500.0,0.0,1,2,1,3112,22,AMD,Casual / Office,0,0
AMD Turion II P540 Dual-Core,49.95,35.0,2010-09-01,S1,Laptop,2400.0,0.0,1,2,1,3019,169,AMD,Casual / Office,0,0
AMD Turion II Ultra Dual-Core Mobile M600,16.76,35.0,2009-10-01,S1,Laptop,2400.0,0.0,1,2,1,3057,76,AMD,Casual / Office,0,0
AMD Turion X2 Dual Core Mobile RM-70,132.56,31.0,2009-11-01,S1,Laptop,2000.0,0.0,1,2,1,3508,5,AMD,Casual / Office,0,0
AMD Turion X2 Dual-Core Mobile RM-72,224.26,35.0,2008-11-01,S1,Laptop,2100.0,0.0,1,2,1,3323,151,AMD,Casual / Office,0,0
AMD Turion X2 Dual-Core Mobile RM-74,14.95,35.0,2009-04-01,S1,Laptop,2200.0,0.0,1,2,1,3366,128,AMD,Casual / Office,0,0
AMD Turion X2 Ultra Dual-Core Mobile ZM-80,49.95,32.0,2009-03-01,S1,Laptop,2100.0,0.0,1,2,1,3497,55,AMD,Casual / Office,0,0
AMD Turion X2 Ultra Dual-Core Mobile ZM-84,49.95,35.0,2009-02-01,S1,Laptop,2300.0,0.0,1,2,1,3186,44,AMD,Casual / Office,0,0
AMD Turion X2 Ultra Dual-Core Mobile ZM-85,45.0,35.0,2009-08-01,S1,Laptop,2300.0,0.0,1,2,1,3178,12,AMD,Casual / Office,0,0
AMD Turion X2 Ultra Dual-Core Mobile ZM-86,61.0,35.0,2009-04-01,S1,Laptop,2400.0,0.0,1,2,1,3291,19,AMD,Casual / Office,0,0
AMD Turion X2 Ultra Dual-Core Mobile ZM-87,39.95,35.0,2009-04-01,S1,Laptop,2400.0,0.0,1,2,1,3298,35,AMD,Casual / Office,0,0
AMD V140,39.95,25.0,2010-10-01,S1,Laptop,2300.0,0.0,1,1,1,3628,178,AMD,Casual / Office,0,0
Celeron Dual-Core T3100 @ 1.90GHz,32.0,35.0,2009-10-01,BGA479,Laptop,1900.0,0.0,1,2,1,3446,139,Other,Casual / Office,2,0
Celeron Dual-Core T3300 @ 2.00GHz,14.97,35.0,2010-07-01,Î¼FCPGA-478,Laptop,2000.0,0.0,1,2,1,3368,84,Other,Casual / Office,2,0
HP Hexa-Core 2.0GHz,504.27,0.0,2014-11-01,Unknown,Unknown,2000.0,0.0,1,4,1,2418,6,Other,Casual / Office,2,0
Intel Atom C2350 @ 1.74GHz,43.0,6.0,2021-12-01,FCBGA1283,Server,1700.0,2000.0,1,2,1,3479,2,Intel,Server,1,3
Intel Atom C2538 @ 2.40GHz,104.0,15.0,2018-05-01,FCBGA1283,Laptop,2400.0,0.0,1,4,1,3018,3,Intel,Casual / Office,1,0
Intel Atom C2558 @ 2.40GHz,136.0,15.0,2015-07-01,BGA 1283,"Laptop, Mobile/Embedded",2400.0,0.0,1,4,1,2625,2,Intel,Casual / Office,1,0
Intel Atom C2750 @ 2.40GHz,232.0,20.0,2014-03-01,FCBGA1283,Server,2400.0,2600.0,1,8,1,1878,22,Intel,Server,1,3
Intel Atom C2758 @ 2.40GHz,214.86,20.0,2015-07-01,BGA 1283,"Laptop, Mobile/Embedded",2400.0,0.0,1,8,1,2056,6,Intel,Casual / Office,1,0
Intel Atom C3538 @ 2.10GHz,75.0,15.0,2018-05-01,FCBGA1310,Server,2100.0,0.0,1,4,1,2408,2,Intel,Server,1,3
Intel Atom C3558 @ 2.20GHz,86.0,16.0,2017-11-01,FCBGA1310,Server,2200.0,0.0,1,4,1,2034,12,Intel,Server,1,3
Intel Atom C3758 @ 2.20GHz,193.0,25.0,2020-04-01,FCBGA1310,Server,2200.0,0.0,1,8,1,1369,5,Intel,Server,1,3
Intel Atom C3858 @ 2.00GHz,332.0,25.0,2018-07-01,FCBGA1310,Server,2000.0,0.0,1,12,1,1376,2,Intel,Server,1,3
Intel Atom C3958 @ 2.00GHz,449.0,31.0,2019-08-01,FCBGA1310,Server,2000.0,0.0,1,16,1,1452,2,Intel,Server,1,3
Intel Atom C5125,299.0,50.0,2022-11-01,FCBGA2106,Server,2800.0,0.0,1,8,1,843,2,Intel,Server,1,3
Intel Atom D410 @ 1.66GHz,635.99,10.0,2010-02-01,BGA559,Desktop,1660.0,0.0,1,1,2,3909,20,Intel,Casual / Office,1,0
Intel Atom D425 @ 1.80GHz,992.98,10.0,2011-01-01,BGA559,Desktop,1800.0,0.0,1,1,2,3846,33,Intel,Casual / Office,1,0
Intel Atom D510 @ 1.66GHz,97.16,13.0,2010-01-01,BGA559,Desktop,1660.0,0.0,1,2,2,3596,62,Intel,Casual / Office,1,0
Intel Atom E3805 @ 1.33GHz,20.0,3.0,2022-07-01,FCBGA1170,Mobile/Embedded,1333.0,0.0,1,2,1,3588,1,Intel,Casual / Office,1,0
Intel Atom E3815 @ 1.46GHz,135.0,5.0,2014-05-01,FCBGA1170,Desktop,1460.0,0.0,1,1,1,3913,9,Intel,Casual / Office,1,0
Intel Atom E3825 @ 1.33GHz,70.32,6.0,2014-06-01,FCBGA1170,Desktop,1330.0,0.0,1,2,1,3630,10,Intel,Casual / Office,1,0
Intel Atom N550 @ 1.50GHz,86.0,8.5,2010-09-01,BGA559,Laptop,1500.0,0.0,1,2,2,3733,82,Intel,Casual / Office,1,0
Intel Atom N570 @ 1.66GHz,86.0,8.5,2011-04-01,BGA559,Laptop,1660.0,0.0,1,2,2,3620,109,Intel,Casual / Office,1,0
Intel Atom S1260 @ 2.00GHz,64.0,8.5,2013-05-01,FCBGA1283,Server,2000.0,0.0,1,2,2,3396,1,Intel,Server,1,3
Intel Atom x5-Z8300 @ 1.44GHz,132.99,4.0,2015-08-01,UTFCBGA592,"Laptop, Mobile/Embedded",1440.0,1840.0,1,4,1,3141,656,Intel,Casual / Office,1,0
Intel Atom x5-Z8350 @ 1.44GHz,21.0,4.0,2016-05-01,UTFCBGA592,Laptop,1440.0,1920.0,1,4,1,3066,1103,Intel,Casual / Office,1,0
Intel Atom x5-Z8500 @ 1.44GHz,62.57,4.0,2015-08-01,UTFCBGA1380,Laptop,1440.0,2240.0,1,4,1,2767,212,Intel,Casual / Office,1,0
Intel Atom x6211E @ 1.20GHz,35.0,6.0,2021-05-01,FCBGA1493,Mobile/Embedded,1200.0,3000.0,1,2,1,2447,1,Intel,Casual / Office,1,0
Intel Atom x6211E @ 1.30GHz,35.0,6.0,2022-09-01,FCBGA1493,Mobile/Embedded,1300.0,3000.0,1,2,1,2361,6,Intel,Casual / Office,1,0
Intel Atom x6413E @ 1.50GHz,43.0,9.0,2021-12-01,FCBGA1493,Mobile/Embedded,1500.0,3000.0,1,4,1,1461,3,Intel,Casual / Office,1,0
Intel Atom x6425E @ 2.00GHz,56.0,12.0,2022-03-01,FCBGA1493,Mobile/Embedded,2000.0,3000.0,1,4,1,1546,4,Intel,Casual / Office,1,0
Intel Atom x6425RE @ 1.90GHz,59.0,12.0,2022-03-01,FCBGA1493,Mobile/Embedded,1900.0,0.0,1,4,1,1836,1,Intel,Casual / Office,1,0
Intel Atom x7-Z8700 @ 1.60GHz,73.63,4.0,2015-04-01,BGA1380,Laptop,1600.0,2400.0,1,4,1,2686,316,Intel,Casual / Office,1,0
Intel Atom Z3735E @ 1.33GHz,117.0,4.4,2014-06-01,UTFCBGA1380,Laptop,1330.0,1830.0,1,4,1,3445,15,Intel,Casual / Office,1,0
Intel Atom Z3735F @ 1.33GHz,500.0,4.4,2014-08-01,UTFCBGA592,Laptop,1330.0,1830.0,1,4,1,3463,1232,Intel,Casual / Office,1,0
Intel Atom Z3745 @ 1.33GHz,30.0,4.0,2014-02-01,UTFCBGA1380,Laptop,1330.0,1860.0,1,4,1,3372,98,Intel,Casual / Office,1,0
Intel Atom Z3770 @ 1.46GHz,149.44,4.0,2013-12-01,UTFCBGA1380,Laptop,1460.0,2390.0,1,4,1,3244,85,Intel,Casual / Office,1,0
Intel Atom Z3775 @ 1.46GHz,500.0,4.0,2014-07-01,UTFCBGA1380,Laptop,1460.0,2390.0,1,4,1,3282,204,Intel,Casual / Office,1,0
Intel Celeron 1007U @ 1.50GHz,184.99,17.0,2013-02-01,FCBGA1023,Laptop,1500.0,0.0,1,2,1,3164,692,Intel,Casual / Office,1,0
Intel Celeron 1100MHz,15.0,0.0,2009-04-01,Unknown,Unknown,1100.0,0.0,1,1,1,3991,2,Intel,Casual / Office,1,0
Intel Celeron 2002E @ 1.50GHz,86.0,25.0,2018-11-01,FCBGA1364,Laptop,1500.0,0.0,1,2,1,2893,1,Intel,Casual / Office,1,0
Intel Celeron 3205U @ 1.50GHz,287.04,15.0,2015-04-01,FCBGA1168,Laptop,1500.0,0.0,1,2,1,3045,111,Intel,Casual / Office,1,0
Intel Celeron 3867U @ 1.80GHz,107.0,15.0,2019-05-01,FCBGA1356,Laptop,1800.0,0.0,1,2,1,2587,15,Intel,Casual / Office,1,0
Intel Celeron 3965U @ 2.20GHz,107.0,15.0,2017-12-01,FCBGA1356,Laptop,2200.0,0.0,1,2,1,2428,36,Intel,Casual / Office,1,0
Intel Celeron 3965Y @ 1.50GHz,107.0,6.0,2018-04-01,FCBGA1515,Laptop,1500.0,0.0,1,2,1,2810,8,Intel,Casual / Office,1,0
Intel Celeron 420 @ 1.60GHz,49.95,35.0,2009-02-01,LGA775,Desktop,1600.0,0.0,1,1,1,3826,104,Intel,Casual / Office,1,0
Intel Celeron 4205U @ 1.80GHz,107.0,15.0,2019-05-01,FCBGA1528,Laptop,1800.0,0.0,1,2,1,2684,53,Intel,Casual / Office,1,0
Intel Celeron 430 @ 1.80GHz,59.95,35.0,2009-02-01,LGA775,Desktop,1800.0,0.0,1,1,1,3737,186,Intel,Casual / Office,1,0
Intel Celeron 4305U @ 2.20GHz,107.0,15.0,2021-12-01,FCBGA1528,Mobile/Embedded,2200.0,0.0,1,2,1,2450,2,Intel,Casual / Office,1,0
Intel Celeron 440 @ 2.00GHz,40.99,35.0,2009-03-01,LGA775,Desktop,2000.0,0.0,1,1,1,3639,63,Intel,Casual / Office,1,0
Intel Celeron 450 @ 2.20GHz,299.0,35.0,2009-03-01,LGA775,Desktop,2200.0,0.0,1,1,1,3597,119,Intel,Casual / Office,1,0
Intel Celeron 5205U @ 1.90GHz,107.0,15.0,2020-03-01,FCBGA1528,Laptop,1900.0,0.0,1,2,1,2601,22,Intel,Casual / Office,1,0
Intel Celeron 530 @ 1.73GHz,13.0,27.0,2009-03-01,PGA478,Laptop,1730.0,0.0,1,1,1,3775,54,Intel,Casual / Office,1,0
Intel Celeron 540 @ 1.86GHz,20.95,30.0,2009-03-01,PGA478,Laptop,1860.0,0.0,1,1,1,3753,73,Intel,Casual / Office,1,0
Intel Celeron 550 @ 2.00GHz,54.95,31.0,2009-03-01,BGA479,Laptop,2000.0,0.0,1,1,1,3722,90,Intel,Casual / Office,1,0
Intel Celeron 560 @ 2.13GHz,69.95,31.0,2009-01-01,PGA478,Laptop,2130.0,0.0,1,1,1,3672,54,Intel,Casual / Office,1,0
Intel Celeron 6305E @ 1.80GHz,107.0,15.0,2021-08-01,FCBGA1449,Mobile/Embedded,1800.0,0.0,1,2,1,2380,5,Intel,Casual / Office,1,0
Intel Celeron 7305,107.0,15.0,2022-03-01,FCBGA1744,Laptop,1100.0,0.0,1,1,1,1921,1,Intel,Casual / Office,1,0
Intel Celeron 847 @ 1.10GHz,315.0,17.0,2011-11-01,BGA1023,Laptop,1100.0,0.0,1,2,1,3527,412,Intel,Casual / Office,1,0
Intel Celeron 867 @ 1.30GHz,55.69,17.0,2012-04-01,BGA1023,Laptop,1300.0,0.0,1,2,1,3437,20,Intel,Casual / Office,1,0
Intel Celeron 900 @ 2.20GHz,18.99,34.8,2009-08-01,PGA478,Laptop,2200.0,0.0,1,1,1,3603,563,Intel,Casual / Office,1,0
Intel Celeron B800 @ 1.50GHz,24.99,35.0,2011-09-01,PGA988B,Laptop,1500.0,0.0,1,2,1,3334,289,Intel,Casual / Office,1,0
Intel Celeron B810 @ 1.60GHz,79.95,35.0,2011-10-01,PGA988B,Laptop,1600.0,0.0,1,2,1,3200,25,Intel,Casual / Office,1,0
Intel Celeron B820 @ 1.70GHz,29.29,35.0,2012-07-01,PGA988B,Laptop,1700.0,0.0,1,2,1,3173,298,Intel,Casual / Office,1,0
Intel Celeron B830 @ 1.80GHz,49.99,35.0,2012-01-01,rPGA988B,Laptop,1800.0,0.0,1,2,1,3162,309,Intel,Casual / Office,1,0
Intel Celeron E1200 @ 1.60GHz,99.95,65.0,2008-12-01,LGA775,Desktop,1600.0,0.0,1,2,1,3452,79,Intel,Casual / Office,1,0
Intel Celeron E1400 @ 2.00GHz,14.0,65.0,2009-02-01,LGA775,Desktop,2000.0,0.0,1,2,1,3317,67,Intel,Casual / Office,1,0
Intel Celeron E1500 @ 2.20GHz,19.65,65.0,2009-05-01,LGA775,Desktop,2200.0,0.0,1,2,1,3362,41,Intel,Casual / Office,1,0
Intel Celeron E3200 @ 2.40GHz,19.99,65.0,2009-08-01,LGA775,Desktop,2400.0,0.0,1,2,1,3185,114,Intel,Casual / Office,1,0
Intel Celeron E3300 @ 2.50GHz,64.78,65.0,2009-09-01,LGA775,Desktop,2500.0,0.0,1,2,1,3153,245,Intel,Casual / Office,1,0
Intel Celeron E3400 @ 2.60GHz,39.99,65.0,2010-03-01,LGA775,Desktop,2600.0,0.0,1,2,1,3142,366,Intel,Casual / Office,1,0
Intel Celeron E3500 @ 2.70GHz,19.99,65.0,2011-03-01,LGA775,Desktop,2700.0,0.0,1,2,1,3042,13,Intel,Casual / Office,1,0
Intel Celeron G1101 @ 2.27GHz,19.77,73.0,2011-04-01,FCLGA1156,Desktop,2270.0,0.0,1,2,1,2899,2,Intel,Casual / Office,1,0
Intel Celeron G1610 @ 2.60GHz,37.0,55.0,2012-12-01,FCLGA1155,Desktop,2600.0,0.0,1,2,1,2582,579,Intel,Casual / Office,1,0
Intel Celeron G1610T @ 2.30GHz,14.98,35.0,2013-11-01,LGA1155,Desktop,2300.0,0.0,1,2,1,2660,73,Intel,Casual / Office,1,0
Intel Celeron G1620 @ 2.70GHz,70.1,55.0,2013-02-01,FCLGA1155,Desktop,2700.0,0.0,1,2,1,2559,372,Intel,Casual / Office,1,0
Intel Celeron G1620T @ 2.40GHz,42.0,35.0,2014-03-01,LGA1155,Desktop,2400.0,0.0,1,2,1,2547,6,Intel,Casual / Office,1,0
Intel Celeron G1630 @ 2.80GHz,69.99,55.0,2013-10-01,FCLGA1155,Desktop,2800.0,0.0,1,2,1,2439,35,Intel,Casual / Office,1,0
Intel Celeron G1820 @ 2.70GHz,48.29,53.0,2014-01-01,FCLGA1150,Desktop,2700.0,0.0,1,2,1,2461,389,Intel,Casual / Office,1,0
Intel Celeron G1820T @ 2.40GHz,42.0,35.0,2014-02-01,LGA1150,Desktop,2400.0,0.0,1,2,1,2495,24,Intel,Casual / Office,1,0
Intel Celeron G1830 @ 2.80GHz,89.0,53.0,2014-02-01,LGA1150,Desktop,2800.0,0.0,1,2,1,2527,43,Intel,Casual / Office,1,0
Intel Celeron G1840 @ 2.80GHz,54.96,53.0,2014-06-01,FCLGA1150,Desktop,2800.0,0.0,1,2,1,2399,597,Intel,Casual / Office,1,0
Intel Celeron G1850 @ 2.90GHz,99.0,54.0,2014-05-01,FCLGA1150,Desktop,2900.0,0.0,1,2,1,2316,42,Intel,Casual / Office,1,0
Intel Celeron G3900 @ 2.80GHz,51.99,51.0,2016-02-01,FCLGA1151,Desktop,2800.0,0.0,1,2,1,2162,274,Intel,Casual / Office,1,0
Intel Celeron G3900E @ 2.40GHz,107.0,35.0,2017-04-01,FCBGA1440,Laptop,2400.0,0.0,1,2,1,2237,1,Intel,Casual / Office,1,0
Intel Celeron G3900T @ 2.60GHz,112.46,35.0,2016-04-01,Unknown,Desktop,2600.0,0.0,1,2,1,2208,11,Intel,Casual / Office,1,0
Intel Celeron G3900TE @ 2.30GHz,59.95,35.0,2018-07-01,FCLGA1151,Laptop,2300.0,0.0,1,2,1,2352,4,Intel,Casual / Office,1,0
Intel Celeron G3920 @ 2.90GHz,1017.98,51.0,2016-06-01,FCLGA1151,Desktop,2900.0,0.0,1,2,1,2081,27,Intel,Casual / Office,1,0
Intel Celeron G3930 @ 2.90GHz,29.99,51.0,2017-02-01,FCLGA1151,Desktop,2900.0,0.0,1,2,1,2122,241,Intel,Casual / Office,1,0
Intel Celeron G3930T @ 2.70GHz,94.0,35.0,2018-11-01,FCLGA1151,Desktop,2700.0,0.0,1,2,1,2229,4,Intel,Casual / Office,1,0
Intel Celeron G3930TE @ 2.70GHz,42.0,35.0,2019-08-01,FCLGA1151,Desktop,2700.0,0.0,1,2,1,2143,4,Intel,Casual / Office,1,0
Intel Celeron G3950 @ 3.00GHz,143.0,51.0,2017-03-01,FCLGA1151,Desktop,3000.0,0.0,1,2,1,2049,8,Intel,Casual / Office,1,0
Intel Celeron G440 @ 1.60GHz,91.0,35.0,2012-02-01,LGA1155,Desktop,1600.0,0.0,1,1,1,3569,21,Intel,Casual / Office,1,0
Intel Celeron G460 @ 1.80GHz,55.0,35.0,2012-02-01,LGA1155,Desktop,1800.0,0.0,1,1,2,3535,48,Intel,Casual / Office,1,0
Intel Celeron G465 @ 1.90GHz,40.0,35.0,2012-01-01,LGA1155,Desktop,1900.0,0.0,1,1,2,3462,25,Intel,Casual / Office,1,0
Intel Celeron G470 @ 2.00GHz,35.15,35.0,2014-03-01,LGA1155,Desktop,2000.0,0.0,1,1,2,3390,42,Intel,Casual / Office,1,0
Intel Celeron G4900 @ 3.10GHz,86.38,54.0,2018-06-01,FCLGA1151-2,Desktop,3100.0,0.0,1,2,1,2016,69,Intel,Casual / Office,1,0
Intel Celeron G4900T @ 2.90GHz,68.95,35.0,2018-03-01,FCLGA1151-2,Desktop,2900.0,0.0,1,2,1,2112,18,Intel,Casual / Office,1,0
Intel Celeron G4920 @ 3.20GHz,126.89,54.0,2018-08-01,FCLGA1151-2,Desktop,3200.0,0.0,1,2,1,2032,12,Intel,Casual / Office,1,0
Intel Celeron G4930 @ 3.20GHz,52.99,54.0,2019-09-01,FCLGA1151-2,Desktop,3200.0,0.0,1,2,1,1960,15,Intel,Casual / Office,1,0
Intel Celeron G4930T @ 3.00GHz,42.0,35.0,2020-07-01,FCLGA1151,Desktop,3000.0,0.0,1,2,1,2105,9,Intel,Casual / Office,1,0
Intel Celeron G4950 @ 3.30GHz,119.99,54.0,2021-03-01,FCLGA1151,Desktop,3300.0,0.0,1,2,1,1903,1,Intel,Casual / Office,1,0
Intel Celeron G530 @ 2.40GHz,24.99,65.0,2011-09-01,LGA1155,Desktop,2400.0,0.0,1,2,1,2880,441,Intel,Casual / Office,1,0
Intel Celeron G530T @ 2.00GHz,16.99,35.0,2011-01-01,LGA1155,Desktop,2000.0,0.0,1,2,1,2933,4,Intel,Casual / Office,1,0
Intel Celeron G540 @ 2.50GHz,11.03,65.0,2011-10-01,LGA1155,Desktop,2500.0,0.0,1,2,1,2860,192,Intel,Casual / Office,1,0
Intel Celeron G550 @ 2.60GHz,49.0,65.0,2012-07-01,LGA1155,Desktop,2600.0,0.0,1,2,1,2778,249,Intel,Casual / Office,1,0
Intel Celeron G555 @ 2.70GHz,53.98,65.0,2012-01-01,LGA1155,Desktop,2700.0,0.0,1,2,1,2737,13,Intel,Casual / Office,1,0
Intel Celeron G5900 @ 3.40GHz,72.49,58.0,2020-06-01,FCLGA1200,Desktop,3400.0,0.0,1,2,1,1914,16,Intel,Casual / Office,1,0
Intel Celeron G5900T @ 3.20GHz,42.0,35.0,2021-10-01,FCLGA1200,Desktop,3200.0,0.0,1,2,1,1942,2,Intel,Casual / Office,1,0
Intel Celeron G5905 @ 3.50GHz,36.99,58.0,2020-09-01,FCLGA1200,Desktop,3500.0,0.0,1,2,1,1857,43,Intel,Casual / Office,1,0
Intel Celeron G5905T @ 3.30GHz,42.0,35.0,2021-05-01,FCLGA1200,Desktop,3300.0,0.0,1,2,1,2220,10,Intel,Casual / Office,1,0
Intel Celeron G5920 @ 3.50GHz,53.0,58.0,2020-12-01,FCLGA1200,Desktop,3500.0,0.0,1,2,1,1994,3,Intel,Casual / Office,1,0
Intel Celeron G5925 @ 3.60GHz,64.99,58.0,2021-06-01,FCLGA1200,Desktop,3600.0,0.0,1,2,1,1899,5,Intel,Casual / Office,1,0
Intel Celeron G6900,98.99,46.0,2022-01-01,"LGA1700,BGA1700",Desktop,3400.0,0.0,1,2,1,1420,10,Intel,Casual / Office,1,0
Intel Celeron G6900T,42.0,35.0,2022-07-01,FCLGA1700,Desktop,2800.0,0.0,1,2,1,1507,1,Intel,Casual / Office,1,0
Intel Celeron J3455 @ 1.50GHz,349.0,10.0,2016-10-01,FCBGA1296,Desktop,1500.0,2300.0,1,4,1,2125,389,Intel,Casual / Office,1,0
Intel Celeron J4005 @ 2.00GHz,168.75,10.0,2018-02-01,FCBGA1090,Desktop,2000.0,2700.0,1,2,1,2514,65,Intel,Casual / Office,1,0
Intel Celeron J4105 @ 1.50GHz,107.0,10.0,2018-01-01,FCBGA1090,Desktop,1500.0,2500.0,1,4,1,1840,178,Intel,Casual / Office,1,0
Intel Celeron J6412 @ 2.00GHz,54.0,10.0,2021-08-01,FCBGA1493,Mobile/Embedded,2000.0,2600.0,1,4,1,1523,32,Intel,Casual / Office,1,0
Intel Celeron M 1.00GHz,13.99,0.0,2009-02-01,Unknown,Laptop,1000.0,0.0,1,1,1,3949,4,Intel,Casual / Office,1,0
Intel Celeron N2810 @ 2.00GHz,139.99,7.5,2013-12-01,FCBGA1170,Laptop,2000.0,0.0,1,2,1,3575,30,Intel,Casual / Office,1,0
Intel Celeron N2820 @ 2.13GHz,225.0,7.5,2014-01-01,FCBGA1170,Laptop,2130.0,2390.0,1,2,1,3518,226,Intel,Casual / Office,1,0
Intel Celeron N2830 @ 2.16GHz,149.99,7.5,2014-04-01,FCBGA1170,Laptop,2160.0,2410.0,1,2,1,3456,793,Intel,Casual / Office,1,0
Intel Celeron N3050 @ 1.60GHz,170.0,6.0,2015-07-01,FCBGA1170,Laptop,1600.0,2160.0,1,2,1,3398,797,Intel,Casual / Office,1,0
Intel Celeron N3060 @ 1.60GHz,282.0,6.0,2016-04-01,Unknown,Laptop,1600.0,2480.0,1,2,1,3331,741,Intel,Casual / Office,1,0
Intel Celeron N3160 @ 1.60GHz,349.0,6.0,2016-06-01,FCBGA1170,Laptop,1600.0,2240.0,1,4,1,2844,140,Intel,Casual / Office,1,0
Intel Celeron N3350 @ 1.10GHz,275.49,6.0,2016-11-01,FCBGA1296,Laptop,1100.0,2400.0,1,2,1,2871,792,Intel,Casual / Office,1,0
Intel Celeron N3450 @ 1.10GHz,185.08,6.0,2016-12-01,FCBGA1296,Laptop,1100.0,2200.0,1,4,1,2271,494,Intel,Casual / Office,1,0
Intel Celeron N4000 @ 1.10GHz,107.0,6.0,2018-04-01,FCBGA1090,Laptop,1100.0,2600.0,1,2,1,2629,632,Intel,Casual / Office,1,0
Intel Celeron N4100 @ 1.10GHz,107.0,6.0,2018-05-01,FCBGA1090,Laptop,1100.0,2400.0,1,4,1,2020,362,Intel,Casual / Office,1,0
Intel Celeron N5105 @ 2.00GHz,299.0,10.0,2021-06-01,FCBGA1338,Mobile/Embedded,2000.0,2900.0,1,4,1,1487,156,Intel,Casual / Office,1,0
Intel Celeron N6210 @ 1.20GHz,54.0,6.5,2022-10-01,Unknown,Mobile/Embedded,1200.0,2600.0,1,2,1,2456,1,Intel,Casual / Office,1,0
Intel Celeron N6211 @ 1.20GHz,54.0,6.5,2021-04-01,FCBGA1493,Mobile/Embedded,1200.0,3000.0,1,2,1,2130,2,Intel,Casual / Office,1,0
Intel Celeron T1600 @ 1.66GHz,19.99,35.0,2009-01-01,Unknown,Laptop,1660.0,0.0,1,2,1,3483,70,Intel,Casual / Office,1,0
Intel Core 860 @ 2.80GHz,270.0,0.0,2010-01-01,Unknown,Unknown,2800.0,0.0,1,4,2,1885,2,Intel,Casual / Office,1,0
Intel Core Duo T2400 @ 1.83GHz,16.0,31.0,2009-03-01,BGA479,Laptop,1830.0,0.0,1,2,1,3646,302,Intel,Casual / Office,1,0
Intel Core Duo T2500 @ 2.00GHz,119.99,31.0,2009-03-01,BGA479,Laptop,2000.0,0.0,1,2,1,3586,146,Intel,Casual / Office,1,0
Intel Core i3-1005G1 @ 1.20GHz,281.0,15.0,2019-09-01,FCBGA1526,Laptop,1200.0,3400.0,1,2,2,1331,813,Intel,Casual / Office,1,0
Intel Core i3-10100 @ 3.60GHz,104.0,65.0,2020-05-01,FCLGA1200,Desktop,3600.0,4300.0,1,4,2,832,813,Intel,Gaming,1,2
Intel Core i3-10100E @ 3.20GHz,125.0,65.0,2021-11-01,FCLGA1200,"Desktop, Mobile/Embedded",3200.0,3800.0,1,4,2,879,1,Intel,Gaming,1,2
Intel Core i3-10100F @ 3.60GHz,75.99,65.0,2020-10-01,FCLGA1200,Desktop,3600.0,4300.0,1,4,2,830,825,Intel,Gaming,1,2
Intel Core i3-10100T @ 3.00GHz,122.0,35.0,2020-07-01,FCLGA1200,Laptop,3000.0,3800.0,1,4,2,966,57,Intel,Gaming,1,2
Intel Core i3-10100TE @ 2.30GHz,138.0,35.0,2022-10-01,LGA 1200,Mobile/Embedded,2300.0,3600.0,1,4,2,901,1,Intel,Gaming,1,2
Intel Core i3-10105 @ 3.70GHz,114.99,65.0,2021-04-01,FCLGA1200,Desktop,3700.0,4400.0,1,4,2,836,224,Intel,Gaming,1,2
Intel Core i3-10105F @ 3.70GHz,85.19,0.0,2021-03-01,FCLGA1200,Desktop,3700.0,4400.0,1,4,2,813,358,Intel,Gaming,1,2
Intel Core i3-10105T @ 3.00GHz,122.0,35.0,2021-06-01,FCLGA1200,Desktop,3000.0,3900.0,1,4,2,906,22,Intel,Gaming,1,2
Intel Core i3-10110U @ 2.10GHz,434.17,15.0,2019-10-01,FCBGA1528,Laptop,2100.0,4100.0,1,2,2,1516,477,Intel,Gaming,1,2
Intel Core i3-10110Y @ 1.00GHz,287.0,7.0,2020-05-01,UTFCBGA1377,Laptop,1000.0,4000.0,1,2,2,1696,7,Intel,Gaming,1,2
Intel Core i3-10300 @ 3.70GHz,169.99,65.0,2020-06-01,FCLGA1200,Desktop,3700.0,4400.0,1,4,2,795,20,Intel,Gaming,1,2
Intel Core i3-10300T @ 3.00GHz,193.97,35.0,2020-09-01,FCLGA1200,Desktop,3000.0,3900.0,1,4,2,882,6,Intel,Gaming,1,2
Intel Core i3-10305 @ 3.80GHz,169.99,65.0,2021-06-01,FCLGA1200,Desktop,3800.0,4500.0,1,4,2,812,3,Intel,Gaming,1,2
Intel Core i3-10305T @ 3.00GHz,143.0,35.0,2021-06-01,FCLGA1200,Desktop,3000.0,4000.0,1,4,2,888,1,Intel,Gaming,1,2
Intel Core i3-10320 @ 3.80GHz,139.99,65.0,2020-12-01,FCLGA1200,Desktop,3800.0,4600.0,1,4,2,746,24,Intel,Gaming,1,2
Intel Core i3-10325 @ 3.90GHz,190.1,65.0,2022-01-01,FCLGA1200,Desktop,3900.0,4700.0,1,4,2,731,4,Intel,Gaming,1,2
Intel Core i3-1110G4 @ 1.80GHz,281.0,0.0,2022-02-01,FCBGA1598,Mobile/Embedded,1800.0,3900.0,1,2,2,1647,1,Intel,Gaming,1,2
Intel Core i3-1115G4 @ 3.00GHz,281.0,0.0,2020-11-01,FCBGA1449,Laptop,3000.0,4100.0,1,2,2,1134,643,Intel,Gaming,1,2
Intel Core i3-1115G4E @ 3.00GHz,285.0,15.0,2022-02-01,BGA 1449,Mobile/Embedded,2200.0,3900.0,1,2,2,1204,3,Intel,Gaming,1,2
Intel Core i3-1115GRE @ 3.00GHz,338.0,15.0,2022-01-01,FCBGA1449,Mobile/Embedded,3000.0,3900.0,1,2,2,1524,3,Intel,Gaming,1,2
Intel Core i3-12100,122.0,60.0,2022-01-01,FCLGA1700,Desktop,3300.0,4300.0,1,4,2,571,304,Intel,Gaming,1,2
Intel Core i3-12100F,115.99,58.0,2022-01-01,FCLGA1700,Desktop,3300.0,4300.0,1,4,2,544,515,Intel,Gaming,1,2
Intel Core i3-12100T,122.0,35.0,2022-03-01,FCLGA1700,Desktop,2200.0,4100.0,1,4,2,625,12,Intel,Gaming,1,2
Intel Core i3-12100TE,125.0,35.0,2022-08-01,FCLGA1700,"Laptop, Mobile/Embedded",2100.0,4000.0,1,4,2,615,1,Intel,Gaming,1,2
Intel Core i3-1215UE,313.0,28.0,2022-11-01,FCBGA1744,Mobile/Embedded,0.0,4400.0,1,2,2,819,1,Intel,Gaming,1,2
Intel Core i3-1220P,281.0,28.0,2022-04-01,FCBGA1744,Laptop,1500.0,4400.0,1,2,2,508,19,Intel,Gaming,1,2
Intel Core i3-12300,143.0,60.0,2022-02-01,LGA 1700,Desktop,3500.0,4400.0,1,4,2,514,5,Intel,Gaming,1,2
Intel Core i3-12300T,157.0,35.0,2022-11-01,FCLGA1700,Desktop,2300.0,4200.0,1,4,2,565,1,Intel,Gaming,1,2
Intel Core i3-2100 @ 3.10GHz,49.0,65.0,2011-01-01,LGA1155,Desktop,3100.0,0.0,1,2,2,2360,3591,Intel,Casual / Office,1,0
Intel Core i3-2100T @ 2.50GHz,20.98,35.0,2011-02-01,LGA1155,Desktop,2500.0,0.0,1,2,2,2590,55,Intel,Casual / Office,1,0
Intel Core i3-2102 @ 3.10GHz,58.0,65.0,2016-03-01,FCLGA1155,Desktop,3100.0,0.0,1,2,2,2240,3,Intel,Casual / Office,1,0
Intel Core i3-2105 @ 3.10GHz,112.97,65.0,2011-07-01,LGA1155,Desktop,3100.0,0.0,1,2,2,2337,111,Intel,Casual / Office,1,0
Intel Core i3-2120 @ 3.30GHz,32.0,65.0,2011-02-01,LGA1155,Desktop,3300.0,0.0,1,2,2,2289,4361,Intel,Casual / Office,1,0
Intel Core i3-2120T @ 2.60GHz,75.0,35.0,2011-09-01,LGA1155,Desktop,2600.0,0.0,1,2,2,2588,119,Intel,Casual / Office,1,0
Intel Core i3-2125 @ 3.30GHz,152.0,65.0,2011-09-01,LGA1155,Desktop,3300.0,0.0,1,2,2,2201,101,Intel,Casual / Office,1,0
Intel Core i3-2130 @ 3.40GHz,53.19,65.0,2011-09-01,LGA1155,Desktop,3400.0,0.0,1,2,2,2248,531,Intel,Casual / Office,1,0
Intel Core i3-2310E @ 2.10GHz,225.0,35.0,2012-08-01,FCBGA1023,Laptop,2100.0,0.0,1,2,2,2354,2,Intel,Casual / Office,1,0
Intel Core i3-2310M @ 2.10GHz,39.95,35.0,2011-03-01,BGA1023,Laptop,2100.0,0.0,1,2,2,2789,2346,Intel,Casual / Office,1,0
Intel Core i3-2328M @ 2.20GHz,150.11,35.0,2012-08-01,PGA988,Laptop,2200.0,0.0,1,2,2,2772,727,Intel,Casual / Office,1,0
Intel Core i3-2330M @ 2.20GHz,39.95,35.0,2011-08-01,BGA1023,Laptop,2200.0,0.0,1,2,2,2764,1878,Intel,Casual / Office,1,0
Intel Core i3-2350M @ 2.30GHz,26.81,35.0,2011-10-01,PGA988B,Laptop,2300.0,0.0,1,2,2,2760,2293,Intel,Casual / Office,1,0
Intel Core i3-2370M @ 2.40GHz,36.99,35.0,2012-06-01,PGA988B,Laptop,2400.0,0.0,1,2,2,2672,864,Intel,Casual / Office,1,0
Intel Core i3-3110M @ 2.40GHz,69.95,35.0,2012-07-01,BGA1023,Laptop,2400.0,0.0,1,2,2,2487,2871,Intel,Casual / Office,1,0
Intel Core i3-3120M @ 2.50GHz,129.0,35.0,2012-01-01,PGA988,Laptop,2500.0,0.0,1,2,2,2462,1277,Intel,Casual / Office,1,0
Intel Core i3-3210 @ 3.20GHz,70.0,55.0,2013-01-01,LGA1155,Desktop,3200.0,0.0,1,2,2,2177,258,Intel,Casual / Office,1,0
Intel Core i3-3217U @ 1.80GHz,199.0,17.0,2012-07-01,BGA1023,Laptop,1800.0,0.0,1,2,2,2790,2377,Intel,Casual / Office,1,0
Intel Core i3-3220 @ 3.30GHz,41.96,55.0,2012-08-01,LGA1155,Desktop,3300.0,0.0,1,2,2,2134,3951,Intel,Casual / Office,1,0
Intel Core i3-3220T @ 2.80GHz,199.0,35.0,2012-09-01,LGA1155,Desktop,2800.0,0.0,1,2,2,2297,193,Intel,Casual / Office,1,0
Intel Core i3-3225 @ 3.30GHz,172.0,55.0,2012-09-01,LGA1155,Desktop,3300.0,0.0,1,2,2,2131,513,Intel,Casual / Office,1,0
Intel Core i3-3240 @ 3.40GHz,33.0,55.0,2012-03-01,LGA1155,Desktop,3400.0,0.0,1,2,2,2102,1676,Intel,Casual / Office,1,0
Intel Core i3-3245 @ 3.40GHz,145.0,55.0,2013-01-01,LGA1155,Desktop,3400.0,0.0,1,2,2,2101,64,Intel,Casual / Office,1,0
Intel Core i3-3250 @ 3.50GHz,80.1,55.0,2013-01-01,LGA1155,Desktop,3500.0,0.0,1,2,2,2033,199,Intel,Casual / Office,1,0
Intel Core i3-330M @ 2.13GHz,149.95,35.0,2010-01-01,BGA1288,Laptop,2130.0,0.0,1,2,2,2983,1672,Intel,Casual / Office,1,0
Intel Core i3-350M @ 2.27GHz,29.0,35.0,2010-01-01,BGA1288,Laptop,2270.0,0.0,1,2,2,2927,1730,Intel,Casual / Office,1,0
Intel Core i3-370M @ 2.40GHz,29.96,35.0,2010-07-01,PGA988A,Laptop,2400.0,0.0,1,2,2,2861,2667,Intel,Casual / Office,1,0
Intel Core i3-380M @ 2.53GHz,49.95,35.0,2010-11-01,PGA988A,Laptop,2530.0,0.0,1,2,2,2818,2139,Intel,Casual / Office,1,0
Intel Core i3-390M @ 2.67GHz,38.95,35.0,2011-02-01,BGA1288,Laptop,2670.0,0.0,1,2,2,2813,99,Intel,Casual / Office,1,0
Intel Core i3-4000M @ 2.40GHz,58.11,37.0,2013-09-01,FCPGA946,Laptop,2400.0,0.0,1,2,2,2390,670,Intel,Casual / Office,1,0
Intel Core i3-4010U @ 1.70GHz,124.95,15.0,2013-01-01,BGA1168,Laptop,1700.0,0.0,1,2,2,2488,989,Intel,Casual / Office,1,0
Intel Core i3-4100E @ 2.40GHz,225.0,37.0,2021-12-01,FCBGA1364,Mobile/Embedded,2400.0,0.0,1,2,2,2353,1,Intel,Casual / Office,1,0
Intel Core i3-4100M @ 2.50GHz,218.57,37.0,2014-10-01,FCPGA946,Laptop,2500.0,0.0,1,2,2,1995,96,Intel,Casual / Office,1,0
Intel Core i3-4130 @ 3.40GHz,53.88,54.0,2013-01-01,LGA1150,Desktop,3400.0,0.0,1,2,2,1683,2794,Intel,Casual / Office,1,0
Intel Core i3-4130T @ 2.90GHz,248.56,35.0,2013-01-01,LGA1150,Desktop,2900.0,0.0,1,2,2,1844,413,Intel,Casual / Office,1,0
Intel Core i3-4150 @ 3.50GHz,72.83,54.0,2014-05-01,FCLGA1150,Desktop,3500.0,0.0,1,2,2,1667,1679,Intel,Casual / Office,1,0
Intel Core i3-4150T @ 3.00GHz,417.42,35.0,2014-07-01,FCLGA1150,Desktop,3000.0,0.0,1,2,2,1842,90,Intel,Casual / Office,1,0
Intel Core i3-4160 @ 3.60GHz,168.64,54.0,2014-08-01,FCLGA1150,Desktop,3600.0,0.0,1,2,2,1621,2020,Intel,Casual / Office,1,0
Intel Core i3-4160T @ 3.10GHz,59.99,35.0,2014-10-01,LGA1150,Desktop,3100.0,0.0,1,2,2,1746,145,Intel,Casual / Office,1,0
Intel Core i3-4170 @ 3.70GHz,43.72,54.0,2015-05-01,LGA1150,Desktop,3700.0,0.0,1,2,2,1605,1702,Intel,Casual / Office,1,0
Intel Core i3-4170T @ 3.20GHz,199.95,35.0,2015-10-01,LGA1150,Desktop,3200.0,0.0,1,2,2,1733,76,Intel,Casual / Office,1,0
Intel Core i3-4330 @ 3.50GHz,169.95,54.0,2013-01-01,LGA1150,Desktop,3500.0,0.0,1,2,2,1610,607,Intel,Casual / Office,1,0
Intel Core i3-4340 @ 3.60GHz,149.99,54.0,2013-01-01,LGA1150,Desktop,3600.0,0.0,1,2,2,1611,158,Intel,Casual / Office,1,0
Intel Core i3-4350 @ 3.60GHz,114.88,54.0,2014-06-01,LGA1150,Desktop,3600.0,0.0,1,2,2,1635,30,Intel,Casual / Office,1,0
Intel Core i3-4360 @ 3.70GHz,110.99,54.0,2014-05-01,FCLGA1150,Desktop,3700.0,0.0,1,2,2,1606,190,Intel,Casual / Office,1,0
Intel Core i3-4370 @ 3.80GHz,123.99,54.0,2014-09-01,LGA1150,Desktop,3800.0,0.0,1,2,2,1544,185,Intel,Casual / Office,1,0
Intel Core i3-4370T @ 3.30GHz,138.0,35.0,2017-11-01,FCLGA1150,Desktop,3300.0,0.0,1,2,2,1666,21,Intel,Casual / Office,1,0
Intel Core i3-5005U @ 2.00GHz,308.0,15.0,2015-02-01,FCBGA1168,Laptop,2000.0,0.0,1,2,2,2243,2180,Intel,Casual / Office,1,0
Intel Core i3-5010U @ 2.10GHz,299.86,15.0,2015-01-01,FCBGA1168,Laptop,2100.0,0.0,1,2,2,2161,739,Intel,Casual / Office,1,0
Intel Core i3-5020U @ 2.20GHz,459.0,15.0,2015-09-01,FCBGA1168,Laptop,2200.0,0.0,1,2,2,2141,214,Intel,Casual / Office,1,0
Intel Core i3-530 @ 2.93GHz,19.97,73.0,2010-01-01,LGA1156,Desktop,2930.0,0.0,1,2,2,2598,1134,Intel,Casual / Office,1,0
Intel Core i3-540 @ 3.07GHz,179.95,73.0,2010-01-01,LGA1156,Desktop,3070.0,0.0,1,2,2,2569,1453,Intel,Casual / Office,1,0
Intel Core i3-550 @ 3.20GHz,261.0,73.0,2010-06-01,LGA1156,Desktop,3200.0,0.0,1,2,2,2506,1282,Intel,Casual / Office,1,0
Intel Core i3-560 @ 3.33GHz,36.97,73.0,2010-09-01,LGA1156,Desktop,3330.0,0.0,1,2,2,2438,72,Intel,Casual / Office,1,0
Intel Core i3-6098P @ 3.60GHz,81.63,54.0,2016-02-01,LGA 1151,Desktop,3600.0,0.0,1,2,2,1479,122,Intel,Casual / Office,1,0
Intel Core i3-6100 @ 3.70GHz,115.0,51.0,2015-10-01,LGA 1151,Desktop,3700.0,0.0,1,2,2,1478,3669,Intel,Casual / Office,1,0
Intel Core i3-6100T @ 3.20GHz,105.99,35.0,2015-11-01,LGA 1151,Desktop,3200.0,0.0,1,2,2,1594,327,Intel,Casual / Office,1,0
Intel Core i3-6100U @ 2.30GHz,529.99,15.0,2015-10-01,FCBGA1356,Laptop,2300.0,0.0,1,2,2,1940,1848,Intel,Casual / Office,1,0
Intel Core i3-6102E @ 1.90GHz,225.0,25.0,2019-08-01,FCBGA1440,Laptop,1900.0,0.0,1,2,2,2058,3,Intel,Casual / Office,1,0
Intel Core i3-6300 @ 3.80GHz,89.04,51.0,2015-10-01,LGA 1151,Desktop,3800.0,0.0,1,2,2,1437,220,Intel,Casual / Office,1,0
Intel Core i3-6300T @ 3.30GHz,90.0,35.0,2015-10-01,LGA 1151,Desktop,3300.0,0.0,1,2,2,1505,25,Intel,Casual / Office,1,0
Intel Core i3-6320 @ 3.90GHz,96.6,51.0,2015-10-01,LGA 1151,Desktop,3900.0,0.0,1,2,2,1429,126,Intel,Casual / Office,1,0
Intel Core i3-7020U @ 2.30GHz,281.0,15.0,2018-05-01,FCBGA1356,Laptop,2300.0,0.0,1,2,2,1967,705,Intel,Casual / Office,1,0
Intel Core i3-7100 @ 3.90GHz,115.0,51.0,2017-01-01,FCLGA1151,Desktop,3900.0,0.0,1,2,2,1442,1718,Intel,Casual / Office,1,0
Intel Core i3-7100H @ 3.00GHz,225.0,35.0,2017-10-01,FCBGA1440,Laptop,3000.0,0.0,1,2,2,1643,14,Intel,Casual / Office,1,0
Intel Core i3-7100T @ 3.40GHz,149.88,35.0,2017-02-01,FCLGA1151,Desktop,3400.0,0.0,1,2,2,1555,187,Intel,Casual / Office,1,0
Intel Core i3-7100U @ 2.40GHz,462.0,15.0,2016-10-01,FCBGA1356,Laptop,2400.0,0.0,1,2,2,1901,1634,Intel,Casual / Office,1,0
Intel Core i3-7101E @ 3.90GHz,117.0,54.0,2020-01-01,FCLGA1151,Desktop,3900.0,0.0,1,2,2,1424,1,Intel,Casual / Office,1,0
Intel Core i3-7101TE @ 3.40GHz,117.0,35.0,2017-10-01,FCLGA1151,Desktop,3400.0,0.0,1,2,2,1525,9,Intel,Casual / Office,1,0
Intel Core i3-7102E @ 2.10GHz,225.0,25.0,2019-06-01,FCBGA1440,Laptop,2100.0,0.0,1,2,2,1977,1,Intel,Casual / Office,1,0
Intel Core i3-7130U @ 2.70GHz,459.99,15.0,2017-11-01,FCBGA1356,Laptop,2700.0,0.0,1,2,2,1808,178,Intel,Casual / Office,1,0
Intel Core i3-7300 @ 4.00GHz,140.97,51.0,2017-01-01,FCLGA1151,Desktop,4000.0,0.0,1,2,2,1395,113,Intel,Casual / Office,1,0
Intel Core i3-7300T @ 3.50GHz,181.59,35.0,2017-05-01,FCLGA1151,Desktop,3500.0,0.0,1,2,2,1477,20,Intel,Casual / Office,1,0
Intel Core i3-7320 @ 4.10GHz,128.94,51.0,2017-01-01,FCLGA1151,Desktop,4100.0,0.0,1,2,2,1352,53,Intel,Casual / Office,1,0
Intel Core i3-7350K @ 4.20GHz,109.99,60.0,2017-01-01,FCLGA1151,Desktop,4200.0,0.0,1,2,2,1348,143,Intel,Casual / Office,1,0
Intel Core i3-8100 @ 3.60GHz,59.99,65.0,2017-10-01,FCLGA1151-2,Desktop,3600.0,0.0,1,4,1,1142,2682,Intel,Gaming,1,2
Intel Core i3-8100B @ 3.60GHz,133.0,65.0,2019-02-01,FCBGA1440,Laptop,3600.0,0.0,1,4,1,1168,57,Intel,Gaming,1,2
Intel Core i3-8100T @ 3.10GHz,219.05,35.0,2018-08-01,FCLGA1151-2,Desktop,3100.0,0.0,1,4,1,1294,222,Intel,Gaming,1,2
Intel Core i3-8109U @ 3.00GHz,499.99,28.0,2018-10-01,FCBGA1528,Laptop,3000.0,3600.0,1,2,2,1455,180,Intel,Gaming,1,2
Intel Core i3-8121U @ 2.20GHz,290.0,15.0,2018-12-01,Unknown,Laptop,2200.0,3200.0,1,2,2,1431,28,Intel,Casual / Office,1,0
Intel Core i3-8130U @ 2.20GHz,281.0,15.0,2018-04-01,FCBGA1356,Laptop,2200.0,3400.0,1,2,2,1590,1077,Intel,Casual / Office,1,0
Intel Core i3-8145U @ 2.10GHz,281.0,15.0,2018-11-01,FCBGA1528,Laptop,2100.0,3900.0,1,2,2,1538,478,Intel,Gaming,1,2
Intel Core i3-8145UE @ 2.20GHz,281.0,15.0,2020-08-01,FCBGA1528,Laptop,2200.0,3900.0,1,2,2,1493,8,Intel,Gaming,1,2
Intel Core i3-8300 @ 3.70GHz,169.97,62.0,2018-06-01,FCLGA1151-2,Desktop,3700.0,0.0,1,4,1,1132,61,Intel,Gaming,1,2
Intel Core i3-8300T @ 3.20GHz,158.95,25.0,2018-06-01,FCLGA1151-2,Desktop,3200.0,0.0,1,4,1,1195,31,Intel,Gaming,1,2
Intel Core i3-8350K @ 4.00GHz,133.6,91.0,2017-10-01,FCLGA1151-2,Desktop,4000.0,0.0,1,4,1,1030,318,Intel,Gaming,1,2
Intel Core i3-9100 @ 3.60GHz,99.99,65.0,2019-06-01,FCLGA1151-2,Desktop,3600.0,4200.0,1,4,1,1070,385,Intel,Gaming,1,2
Intel Core i3-9100F @ 3.60GHz,98.99,65.0,2019-05-01,FCLGA1151-2,Desktop,3600.0,4200.0,1,4,1,1063,1406,Intel,Gaming,1,2
Intel Core i3-9100T @ 3.10GHz,122.0,35.0,2019-07-01,FCLGA1151-2,Desktop,3100.0,3700.0,1,4,1,1238,47,Intel,Gaming,1,2
Intel Core i3-9100TE @ 2.20GHz,122.0,35.0,2020-12-01,FCLGA1151-2,Laptop,2200.0,3200.0,1,4,1,1411,3,Intel,Casual / Office,1,0
Intel Core i3-9300 @ 3.70GHz,255.0,62.0,2019-07-01,FCLGA1151-2,Desktop,3700.0,4300.0,1,4,1,982,3,Intel,Gaming,1,2
Intel Core i3-9300T @ 3.20GHz,143.0,35.0,2019-07-01,FCLGA1151-2,Desktop,3200.0,3800.0,1,4,1,1144,5,Intel,Gaming,1,2
Intel Core i3-9320 @ 3.70GHz,215.67,62.0,2019-09-01,FCLGA1151-2,Desktop,3700.0,4400.0,1,4,1,969,1,Intel,Gaming,1,2
Intel Core i3-9350K @ 4.00GHz,293.22,91.0,2020-05-01,FCLGA1151,Desktop,4000.0,4600.0,1,4,1,923,6,Intel,Gaming,1,2
Intel Core i3-9350KF @ 4.00GHz,146.07,91.0,2019-05-01,FCLGA1151-2,Desktop,4000.0,4600.0,1,4,1,947,32,Intel,Gaming,1,2
Intel Core i5 750S @ 2.40GHz,210.19,82.0,2012-07-01,LGA1156,Desktop,2400.0,3200.0,1,4,1,2693,2,Intel,Casual / Office,1,0
Intel Core i5-10200H @ 2.40GHz,250.0,45.0,2020-11-01,FCBGA1440,Laptop,2400.0,4100.0,1,4,2,865,79,Intel,Gaming,1,2
Intel Core i5-10210U @ 1.60GHz,702.62,15.0,2019-09-01,FCBGA1528,Laptop,1600.0,4200.0,1,4,2,1110,1801,Intel,Gaming,1,2
Intel Core i5-10300H @ 2.50GHz,250.0,45.0,2020-01-01,FCBGA1440,"Desktop, Laptop",2500.0,4500.0,1,4,2,845,1513,Intel,Gaming,1,2
Intel Core i5-10310U @ 1.70GHz,297.0,15.0,2020-04-01,FCBGA1528,Laptop,1700.0,4400.0,1,4,2,1084,260,Intel,Gaming,1,2
Intel Core i5-1035G1 @ 1.00GHz,297.0,15.0,2019-09-01,FCBGA1526,Laptop,1000.0,3600.0,1,4,2,941,1538,Intel,Gaming,1,2
Intel Core i5-1035G4 @ 1.10GHz,309.0,15.0,2019-10-01,FCBGA1526,Laptop,1100.0,3700.0,1,4,2,898,539,Intel,Gaming,1,2
Intel Core i5-1035G7 @ 1.20GHz,320.0,15.0,2019-10-01,FCBGA1526,Laptop,1200.0,3700.0,1,4,2,852,166,Intel,Gaming,1,2
Intel Core i5-1038NG7 @ 2.00GHz,320.0,28.0,2020-05-01,FCBGA1344,Laptop,2000.0,3800.0,1,4,2,782,168,Intel,Gaming,1,2
Intel Core i5-10400 @ 2.90GHz,140.99,65.0,2020-05-01,FCLGA1200,Desktop,2900.0,4300.0,1,6,2,639,1709,Intel,Gaming,1,2
Intel Core i5-10400F @ 2.90GHz,121.09,65.0,2020-06-01,FCLGA1200,Desktop,2900.0,4300.0,1,6,2,636,2164,Intel,Gaming,1,2
Intel Core i5-10400H @ 2.60GHz,250.0,45.0,2020-07-01,FCBGA1440,Laptop,2600.0,4600.0,1,4,2,828,36,Intel,Gaming,1,2
Intel Core i5-10400T @ 2.00GHz,182.0,35.0,2020-08-01,FCLGA1200,Desktop,2000.0,3600.0,1,6,2,755,60,Intel,Gaming,1,2
Intel Core i5-10500 @ 3.10GHz,195.99,65.0,2020-06-01,FCLGA1200,Desktop,3100.0,4500.0,1,6,2,617,404,Intel,Gaming,1,2
Intel Core i5-10500E @ 3.10GHz,195.0,65.0,2022-05-01,FCLGA1200,Mobile/Embedded,3100.0,4200.0,1,6,2,703,4,Intel,Gaming,1,2
Intel Core i5-10500H @ 2.50GHz,250.0,45.0,2021-02-01,FCBGA1440,Laptop,2500.0,4500.0,1,6,2,667,321,Intel,Gaming,1,2
Intel Core i5-10500T @ 2.30GHz,192.0,35.0,2020-06-01,FCLGA1200,Desktop,2300.0,3800.0,1,6,2,741,190,Intel,Gaming,1,2
Intel Core i5-10500TE @ 2.30GHz,195.0,35.0,2022-05-01,FCLGA1200,"Laptop, Mobile/Embedded",2300.0,3700.0,1,6,2,757,1,Intel,Gaming,1,2
Intel Core i5-10600 @ 3.30GHz,208.42,65.0,2020-06-01,FCLGA1200,Desktop,3300.0,4800.0,1,6,2,570,185,Intel,Gaming,1,2
Intel Core i5-10600K @ 4.10GHz,176.92,125.0,2020-05-01,FCLGA1200,Desktop,4100.0,4800.0,1,6,2,537,855,Intel,Gaming,1,2
Intel Core i5-10600KF @ 4.10GHz,169.99,125.0,2020-07-01,FCLGA1200,Desktop,4100.0,4800.0,1,6,2,534,297,Intel,Gaming,1,2
Intel Core i5-10600T @ 2.40GHz,213.0,35.0,2020-09-01,FCLGA1200,Desktop,2400.0,4000.0,1,6,2,684,17,Intel,Gaming,1,2
Intel Core i5-11260H @ 2.60GHz,250.0,45.0,2021-08-01,FCBGA1787,Laptop,2600.0,4400.0,1,6,2,482,72,Intel,Gaming,1,2
Intel Core i5-11300H @ 3.10GHz,309.0,35.0,2021-04-01,FCBGA1449,Laptop,3100.0,4400.0,1,4,2,689,278,Intel,Gaming,1,2
Intel Core i5-1130G7 @ 1.10GHz,309.0,15.0,2021-02-01,BGA 1449,Laptop,1100.0,4000.0,1,4,2,820,36,Intel,Gaming,1,2
Intel Core i5-11320H @ 3.20GHz,309.0,35.0,2021-11-01,FCBGA1449,Laptop,3200.0,4500.0,1,4,2,695,106,Intel,Gaming,1,2
Intel Core i5-1135G7 @ 2.40GHz,309.0,15.0,2020-08-01,BGA1526,Laptop,2400.0,4200.0,1,4,2,751,3168,Intel,Gaming,1,2
Intel Core i5-11400 @ 2.60GHz,144.83,65.0,2021-03-01,FCLGA1200,Desktop,2600.0,4400.0,1,6,2,438,1201,Intel,Gaming,1,2
Intel Core i5-11400F @ 2.60GHz,130.0,65.0,2021-03-01,FCLGA1200,Desktop,2600.0,4400.0,1,6,2,435,1245,Intel,Gaming,1,2
Intel Core i5-11400H @ 2.70GHz,250.0,45.0,2021-07-01,FCBGA1787,Laptop,2700.0,4500.0,1,6,2,475,845,Intel,Gaming,1,2
Intel Core i5-11400T @ 1.30GHz,182.0,35.0,2021-06-01,FCLGA1200,Desktop,1300.0,3700.0,1,6,2,596,17,Intel,Gaming,1,2
Intel Core i5-1145G7E @ 2.60GHz,312.0,15.0,2021-06-01,FCBGA1449,Mobile/Embedded,2600.0,4100.0,1,4,2,723,4,Intel,Gaming,1,2
Intel Core i5-1145GRE @ 2.60GHz,362.0,15.0,2022-02-01,FCBGA1449,Mobile/Embedded,1500.0,4100.0,1,4,2,847,7,Intel,Gaming,1,2
Intel Core i5-11500 @ 2.70GHz,222.73,65.0,2021-04-01,FCLGA1200,Desktop,2700.0,4600.0,1,6,2,422,228,Intel,Gaming,1,2
Intel Core i5-11500H @ 2.90GHz,250.0,45.0,2021-06-01,FCBGA1787,Laptop,2900.0,4600.0,1,6,2,465,31,Intel,Gaming,1,2
Intel Core i5-11500T @ 1.50GHz,192.0,35.0,2021-09-01,FCLGA1200,Desktop,1500.0,3900.0,1,6,2,607,14,Intel,Gaming,1,2
Intel Core i5-1155G7 @ 2.50GHz,309.0,28.0,2021-10-01,FCBGA1449,Laptop,2500.0,4500.0,1,4,2,744,99,Intel,Gaming,1,2
Intel Core i5-11600 @ 2.80GHz,247.98,65.0,2021-04-01,FCLGA1200,Desktop,2800.0,4800.0,1,6,2,400,167,Intel,Gaming,1,2
Intel Core i5-11600K @ 3.90GHz,214.99,125.0,2021-04-01,FCLGA1200,Desktop,3900.0,4900.0,1,6,2,350,911,Intel,Gaming,1,2
Intel Core i5-11600KF @ 3.90GHz,196.94,125.0,2021-04-01,FCLGA1200,Desktop,3900.0,4900.0,1,6,2,352,231,Intel,Gaming,1,2
Intel Core i5-11600T @ 1.70GHz,213.0,35.0,2021-11-01,FCLGA1200,Desktop,1700.0,4100.0,1,6,2,525,5,Intel,Gaming,1,2
Intel Core i5-1230U,309.0,9.0,2022-06-01,FCBGA1781,Laptop,1000.0,4400.0,1,2,2,704,6,Intel,Gaming,1,2
Intel Core i5-1235U,309.0,15.0,2022-03-01,FCBGA1744,"Laptop, Mobile/Embedded",1300.0,4400.0,1,2,2,581,264,Intel,Gaming,1,2
Intel Core i5-12400,192.0,65.0,2022-01-01,LGA 1700,Desktop,2500.0,4400.0,1,6,2,358,748,Intel,Gaming,1,2
Intel Core i5-12400F,176.45,65.0,2022-01-01,FCLGA1700,Desktop,2500.0,4400.0,1,6,2,351,955,Intel,Gaming,1,2
Intel Core i5-12400T,169.99,74.0,2022-08-01,FCLGA1700,Desktop,1800.0,4200.0,1,6,2,447,8,Intel,Gaming,1,2
Intel Core i5-12450H,311.0,45.0,2022-02-01,FCBGA1744,Laptop,2000.0,4400.0,1,4,2,406,72,Intel,Gaming,1,2
Intel Core i5-1245UE,312.0,15.0,2022-09-01,FCBGA1744,Mobile/Embedded,4400.0,0.0,1,2,2,675,2,Intel,Casual / Office,1,0
Intel Core i5-12490F,212.22,65.0,2022-06-01,LGA1700,Desktop,3000.0,4600.0,1,6,2,317,11,Intel,Gaming,1,2
Intel Core i5-12500,202.0,65.0,2022-01-01,LGA 1700,Desktop,3000.0,4600.0,1,6,2,330,216,Intel,Gaming,1,2
Intel Core i5-12500H,311.0,45.0,2022-02-01,FCBGA1744,Laptop,2500.0,4500.0,1,4,2,293,205,Intel,Gaming,1,2
Intel Core i5-12500T,202.0,35.0,2022-04-01,FCLGA1700,Desktop,2000.0,4400.0,1,6,2,431,39,Intel,Gaming,1,2
Intel Core i5-12500TE,205.0,35.0,2022-08-01,FCLGA1700,"Laptop, Mobile/Embedded",1900.0,4300.0,1,6,2,454,4,Intel,Gaming,1,2
Intel Core i5-12600,280.24,65.0,2022-01-01,LGA 1700,Desktop,3300.0,4800.0,1,6,2,300,142,Intel,Gaming,1,2
Intel Core i5-12600H,311.0,45.0,2022-04-01,FCBGA1744,Laptop,2700.0,4500.0,1,4,2,265,16,Intel,Gaming,1,2
Intel Core i5-12600HX,284.0,55.0,2022-06-01,FCBGA1964,Laptop,2500.0,4600.0,1,4,2,250,3,Intel,Gaming,1,2
Intel Core i5-12600K,259.99,150.0,2021-11-01,FCLGA1700,Desktop,3700.0,4900.0,1,6,2,167,1726,Intel,Gaming,1,2
Intel Core i5-12600KF,233.99,150.0,2021-11-01,FCLGA1700,Desktop,3600.0,4900.0,1,6,2,172,503,Intel,Gaming,1,2
Intel Core i5-13600K,319.99,125.0,2022-09-01,FCLGA1700,Desktop,3500.0,5200.0,1,6,2,84,214,Intel,Gaming,1,2
Intel Core i5-13600KF,309.79,125.0,2022-10-01,FCLGA1700,Desktop,3500.0,5100.0,1,6,2,85,89,Intel,Gaming,1,2
Intel Core i5-2300 @ 2.80GHz,40.26,95.0,2011-01-01,LGA1155,Desktop,2800.0,3100.0,1,4,1,1660,1109,Intel,Casual / Office,1,0
Intel Core i5-2310 @ 2.90GHz,99.99,95.0,2011-06-01,LGA1155,Desktop,2900.0,3200.0,1,4,1,1589,862,Intel,Casual / Office,1,0
Intel Core i5-2320 @ 3.00GHz,26.41,95.0,2011-09-01,LGA1155,Desktop,3000.0,3300.0,1,4,1,1586,2074,Intel,Gaming,1,2
Intel Core i5-2380P @ 3.10GHz,183.43,95.0,2012-03-01,LGA1155,Desktop,3100.0,3400.0,1,4,1,1553,64,Intel,Gaming,1,2
Intel Core i5-2390T @ 2.70GHz,99.9,35.0,2011-08-01,LGA1155,Desktop,2700.0,3500.0,1,2,2,2047,117,Intel,Gaming,1,2
Intel Core i5-2400 @ 3.10GHz,50.1,95.0,2010-12-01,LGA1155,Desktop,3100.0,3400.0,1,4,1,1541,7129,Intel,Gaming,1,2
Intel Core i5-2400S @ 2.50GHz,110.19,65.0,2011-01-01,LGA1155,Desktop,2500.0,3300.0,1,4,1,1738,708,Intel,Casual / Office,1,0
Intel Core i5-2405S @ 2.50GHz,216.18,65.0,2011-06-01,LGA1155,Desktop,2500.0,3300.0,1,4,1,1802,28,Intel,Casual / Office,1,0
Intel Core i5-2410M @ 2.30GHz,42.12,35.0,2010-12-01," 	FCBGA1023, PPG",Laptop,2300.0,2900.0,1,2,2,2279,4759,Intel,Casual / Office,1,0
Intel Core i5-2430M @ 2.40GHz,73.02,35.0,2011-09-01,PGA988B,Laptop,2400.0,3000.0,1,2,2,2246,3881,Intel,Casual / Office,1,0
Intel Core i5-2450M @ 2.50GHz,74.02,35.0,2011-12-01,BGA1023,Laptop,2500.0,3100.0,1,2,2,2232,4336,Intel,Casual / Office,1,0
Intel Core i5-2450P @ 3.20GHz,129.99,95.0,2012-02-01,LGA1155,Desktop,3200.0,3500.0,1,4,1,1474,39,Intel,Gaming,1,2
Intel Core i5-2500 @ 3.30GHz,50.19,95.0,2010-12-01,LGA1155,Desktop,3300.0,3700.0,1,4,1,1489,3951,Intel,Gaming,1,2
Intel Core i5-2500K @ 3.30GHz,71.43,95.0,2010-12-01,LGA1155,Desktop,3300.0,3700.0,1,4,1,1488,7441,Intel,Gaming,1,2
Intel Core i5-2500S @ 2.70GHz,55.34,65.0,2011-02-01,LGA1155,Desktop,2700.0,3700.0,1,4,1,1645,209,Intel,Gaming,1,2
Intel Core i5-2500T @ 2.30GHz,89.99,45.0,2011-06-01,LGA1155,Desktop,2300.0,3300.0,1,4,1,1821,35,Intel,Casual / Office,1,0
Intel Core i5-2520M @ 2.50GHz,65.0,35.0,2011-03-01,PGA988B,Laptop,2500.0,3200.0,1,2,2,2137,4818,Intel,Casual / Office,1,0
Intel Core i5-2540M @ 2.60GHz,79.97,35.0,2010-12-01,BGA1023,Laptop,2600.0,3300.0,1,2,2,2084,1684,Intel,Casual / Office,1,0
Intel Core i5-2550K @ 3.40GHz,103.88,95.0,2012-02-01,LGA1155,Desktop,3400.0,3800.0,1,4,1,1472,149,Intel,Gaming,1,2
Intel Core i5-3210M @ 2.50GHz,52.02,35.0,2012-03-01,PGA988B,Laptop,2500.0,3100.0,1,2,2,2000,7762,Intel,Casual / Office,1,0
Intel Core i5-3230M @ 2.60GHz,74.04,35.0,2013-01-01,PGA988,Laptop,2600.0,3200.0,1,2,2,1979,5475,Intel,Casual / Office,1,0
Intel Core i5-3317U @ 1.70GHz,225.0,17.0,2012-06-01,BGA1023,Laptop,1700.0,2600.0,1,2,2,2258,3666,Intel,Casual / Office,1,0
Intel Core i5-3320M @ 2.60GHz,44.04,35.0,2012-04-01,BGA1023,Laptop,2600.0,3300.0,1,2,2,1930,3689,Intel,Casual / Office,1,0
Intel Core i5-3330 @ 3.00GHz,114.9,77.0,2012-10-01,LGA1155,Desktop,3000.0,3200.0,1,4,1,1494,2466,Intel,Gaming,1,2
Intel Core i5-3330S @ 2.70GHz,199.95,65.0,2012-01-01,LGA1155,Desktop,2700.0,3200.0,1,4,1,1547,305,Intel,Casual / Office,1,0
Intel Core i5-3337U @ 1.80GHz,225.0,17.0,2013-01-01,BGA1023,Laptop,1800.0,2700.0,1,2,2,2205,2974,Intel,Casual / Office,1,0
Intel Core i5-3340 @ 3.10GHz,195.0,77.0,2013-10-01,LGA1155,Desktop,3100.0,3300.0,1,4,1,1463,313,Intel,Gaming,1,2
Intel Core i5-3340M @ 2.70GHz,69.95,35.0,2013-01-01,BGA1023,Laptop,2700.0,3400.0,1,2,2,1923,1012,Intel,Casual / Office,1,0
Intel Core i5-3340S @ 2.80GHz,319.19,65.0,2013-11-01,LGA1155,Desktop,2800.0,3300.0,1,4,1,1492,49,Intel,Casual / Office,1,0
Intel Core i5-3350P @ 3.10GHz,223.19,69.0,2012-10-01,LGA1155,Desktop,3100.0,3300.0,1,4,1,1459,1278,Intel,Gaming,1,2
Intel Core i5-3360M @ 2.80GHz,78.02,35.0,2012-06-01,BGA1023,Laptop,2800.0,3500.0,1,2,2,1851,639,Intel,Gaming,1,2
Intel Core i5-3427U @ 1.80GHz,420.05,17.0,2012-06-01,BGA1023,Laptop,1800.0,2800.0,1,2,2,2149,428,Intel,Casual / Office,1,0
Intel Core i5-3450 @ 3.10GHz,115.0,77.0,2012-04-01,LGA1155,Desktop,3100.0,3500.0,1,4,1,1417,1848,Intel,Gaming,1,2
Intel Core i5-3450S @ 2.80GHz,95.0,65.0,2012-05-01,LGA1155,Desktop,2800.0,3500.0,1,4,1,1447,125,Intel,Gaming,1,2
Intel Core i5-3470 @ 3.20GHz,100.0,77.0,2012-07-01,LGA1155,Desktop,3200.0,3600.0,1,4,1,1380,8445,Intel,Gaming,1,2
Intel Core i5-3470S @ 2.90GHz,72.03,65.0,2012-07-01,LGA1155,Desktop,2900.0,3600.0,1,4,1,1436,807,Intel,Gaming,1,2
Intel Core i5-3470T @ 2.90GHz,269.95,35.0,2012-06-01,LGA1155,Desktop,2900.0,3600.0,1,2,2,1814,262,Intel,Gaming,1,2
Intel Core i5-3475S @ 2.90GHz,249.95,65.0,2012-01-01,LGA1155,Desktop,2900.0,3600.0,1,4,1,1466,112,Intel,Gaming,1,2
Intel Core i5-3550 @ 3.30GHz,335.31,77.0,2012-03-01,LGA1155,Desktop,3300.0,3700.0,1,4,1,1364,1247,Intel,Gaming,1,2
Intel Core i5-3550S @ 3.00GHz,319.95,65.0,2012-06-01,LGA1155,Desktop,3000.0,3700.0,1,4,1,1405,66,Intel,Gaming,1,2
Intel Core i5-3570 @ 3.40GHz,95.03,77.0,2012-07-01,LGA1155,Desktop,3400.0,3800.0,1,4,1,1347,4371,Intel,Gaming,1,2
Intel Core i5-3570K @ 3.40GHz,55.19,77.0,2012-04-01,LGA1155,Desktop,3400.0,3800.0,1,4,1,1342,9553,Intel,Gaming,1,2
Intel Core i5-3570S @ 3.10GHz,105.0,65.0,2012-07-01,LGA1155,Desktop,3100.0,3800.0,1,4,1,1386,233,Intel,Gaming,1,2
Intel Core i5-4200M @ 2.50GHz,88.95,37.0,2013-01-01,PGA946,Laptop,2500.0,3100.0,1,2,2,1877,2522,Intel,Casual / Office,1,0
Intel Core i5-4210M @ 2.60GHz,88.04,37.0,2014-05-01,FCPGA946,Laptop,2600.0,3200.0,1,2,2,1852,1040,Intel,Casual / Office,1,0
Intel Core i5-4250U @ 1.30GHz,349.0,15.0,2013-01-01,BGA1168,Laptop,1300.0,2600.0,1,2,2,2152,363,Intel,Casual / Office,1,0
Intel Core i5-430M @ 2.27GHz,129.95,35.0,2010-01-01,BGA1288,Laptop,2260.0,2536.0,1,2,2,2795,1966,Intel,Casual / Office,1,0
Intel Core i5-4330M @ 2.80GHz,274.99,37.0,2013-10-01,Unknown,Laptop,2800.0,3500.0,1,2,2,1739,50,Intel,Gaming,1,2
Intel Core i5-4400E @ 2.70GHz,266.0,37.0,2014-03-01,BGA1364,Desktop,2700.0,3300.0,1,2,2,1701,4,Intel,Casual / Office,1,0
Intel Core i5-4422E @ 1.80GHz,266.0,25.0,2017-12-01,FCBGA1364,Laptop,1800.0,2900.0,1,2,2,2311,1,Intel,Casual / Office,1,0
Intel Core i5-4430 @ 3.00GHz,78.5,84.0,2013-06-01,LGA1150,Desktop,3000.0,3200.0,1,4,1,1381,1290,Intel,Gaming,1,2
Intel Core i5-4430S @ 2.70GHz,91.99,65.0,2013-12-01,LGA1150,Desktop,2700.0,3200.0,1,4,1,1464,119,Intel,Casual / Office,1,0
Intel Core i5-4440 @ 3.10GHz,14.99,84.0,2013-01-01,FCLGA1150,Desktop,3100.0,3300.0,1,4,1,1368,3493,Intel,Gaming,1,2
Intel Core i5-4440S @ 2.80GHz,125.0,65.0,2013-12-01,LGA1150,Desktop,2800.0,3300.0,1,4,1,1443,167,Intel,Casual / Office,1,0
Intel Core i5-4460 @ 3.20GHz,43.99,84.0,2014-05-01,LGA1150,Desktop,3200.0,3400.0,1,4,1,1355,7761,Intel,Gaming,1,2
Intel Core i5-4460S @ 2.90GHz,159.95,65.0,2014-05-01,LGA1150,Desktop,2900.0,3400.0,1,4,1,1406,405,Intel,Casual / Office,1,0
Intel Core i5-450M @ 2.40GHz,31.95,35.0,2010-06-01,PGA988A,Laptop,2400.0,2660.0,1,2,2,2781,588,Intel,Casual / Office,1,0
Intel Core i5-4570 @ 3.20GHz,88.47,84.0,2013-06-01,LGA1150,Desktop,3200.0,3600.0,1,4,1,1307,5986,Intel,Gaming,1,2
Intel Core i5-4570S @ 2.90GHz,111.0,65.0,2013-06-01,LGA1150,Desktop,2900.0,3600.0,1,4,1,1345,784,Intel,Gaming,1,2
Intel Core i5-4570T @ 2.90GHz,372.4,35.0,2013-01-01,LGA1150,Desktop,2900.0,3600.0,1,2,2,1743,503,Intel,Gaming,1,2
Intel Core i5-4570TE @ 2.70GHz,341.99,35.0,2014-09-01,LGA1150,Desktop,2700.0,3300.0,1,2,2,1755,16,Intel,Casual / Office,1,0
Intel Core i5-4590 @ 3.30GHz,72.19,84.0,2014-05-01,LGA1150,Desktop,3300.0,3700.0,1,4,1,1273,5768,Intel,Gaming,1,2
Intel Core i5-4590S @ 3.00GHz,260.0,65.0,2014-05-01,LGA1150,Desktop,3000.0,3700.0,1,4,1,1312,665,Intel,Gaming,1,2
Intel Core i5-4590T @ 2.00GHz,102.06,35.0,2014-06-01,LGA1150,Desktop,2000.0,3000.0,1,4,1,1508,505,Intel,Casual / Office,1,0
Intel Core i5-460M @ 2.53GHz,64.95,35.0,2010-09-01,BGA1288,Laptop,2530.0,2800.0,1,2,2,2720,2067,Intel,Casual / Office,1,0
Intel Core i5-4670 @ 3.40GHz,82.58,84.0,2013-06-01,LGA1150,Desktop,3400.0,3800.0,1,4,1,1250,2673,Intel,Gaming,1,2
Intel Core i5-4670K @ 3.40GHz,129.96,84.0,2013-06-01,LGA1150,Desktop,3400.0,3800.0,1,4,1,1239,5810,Intel,Gaming,1,2
Intel Core i5-4670R @ 3.00GHz,276.0,65.0,2018-07-01,FCBGA1364,Desktop,3000.0,3700.0,1,4,1,1302,3,Intel,Gaming,1,2
Intel Core i5-4670S @ 3.10GHz,213.0,65.0,2013-01-01,FCLGA1150,Desktop,3100.0,3800.0,1,4,1,1333,95,Intel,Gaming,1,2
Intel Core i5-4670T @ 2.30GHz,259.02,45.0,2013-06-01,FCLGA1150,Desktop,2300.0,3300.0,1,4,1,1440,41,Intel,Casual / Office,1,0
Intel Core i5-4690 @ 3.50GHz,43.99,84.0,2014-05-01,LGA1150,Desktop,3500.0,3900.0,1,4,1,1235,3098,Intel,Gaming,1,2
Intel Core i5-4690K @ 3.50GHz,76.11,88.0,2014-06-01,LGA1150,Desktop,3500.0,3900.0,1,4,1,1226,6801,Intel,Gaming,1,2
Intel Core i5-4690S @ 3.20GHz,249.99,65.0,2014-05-01,LGA1150,Desktop,3200.0,3900.0,1,4,1,1266,195,Intel,Gaming,1,2
Intel Core i5-480M @ 2.67GHz,80.6,35.0,2010-12-01,BGA1288,Laptop,2670.0,2933.0,1,2,2,2701,1791,Intel,Casual / Office,1,0
Intel Core i5-5200U @ 2.20GHz,281.0,15.0,2014-12-01,FCBGA1168,Laptop,2200.0,2700.0,1,2,2,1984,6105,Intel,Casual / Office,1,0
Intel Core i5-520M @ 2.40GHz,28.02,35.0,2010-01-01,BGA1288,Laptop,2400.0,2933.0,1,2,2,2431,2905,Intel,Casual / Office,1,0
Intel Core i5-5250U @ 1.60GHz,529.99,15.0,2015-01-01,FCBGA1168,Laptop,1600.0,2700.0,1,2,2,1989,594,Intel,Casual / Office,1,0
Intel Core i5-5300U @ 2.30GHz,289.99,15.0,2015-01-01,FCBGA1168,Laptop,2300.0,2900.0,1,2,2,1890,1668,Intel,Casual / Office,1,0
Intel Core i5-540M @ 2.53GHz,48.99,35.0,2010-01-01,BGA1288,Laptop,2530.0,3066.0,1,2,2,2373,1134,Intel,Casual / Office,1,0
Intel Core i5-560M @ 2.67GHz,88.92,35.0,2010-09-01,BGA1288,Laptop,2670.0,3200.0,1,2,2,2319,1588,Intel,Casual / Office,1,0
Intel Core i5-5675C @ 3.10GHz,159.99,65.0,2015-07-01,FCLGA1150,Desktop,3100.0,3600.0,1,4,1,1229,114,Intel,Gaming,1,2
Intel Core i5-580M @ 2.67GHz,99.95,35.0,2010-09-01,BGA1288,Laptop,2670.0,3330.0,1,2,2,2278,181,Intel,Casual / Office,1,0
Intel Core i5-6260U @ 1.80GHz,499.0,15.0,2015-12-01,FCBGA1356,Laptop,1800.0,2900.0,1,2,2,1720,307,Intel,Casual / Office,1,0
Intel Core i5-6287U @ 3.10GHz,304.0,28.0,2017-10-01,FCBGA1356,Laptop,3100.0,3500.0,1,2,2,1532,22,Intel,Gaming,1,2
Intel Core i5-6350HQ @ 2.30GHz,306.0,45.0,2021-10-01,LGA 1151,Laptop,2300.0,3200.0,1,4,1,1458,1,Intel,Casual / Office,1,0
Intel Core i5-6400 @ 2.70GHz,85.91,65.0,2015-08-01,LGA 1151,Desktop,2700.0,3300.0,1,4,1,1310,4062,Intel,Casual / Office,1,0
Intel Core i5-6400T @ 2.20GHz,159.99,35.0,2015-12-01,LGA 1151,Desktop,2200.0,2800.0,1,4,1,1446,362,Intel,Casual / Office,1,0
Intel Core i5-6402P @ 2.80GHz,104.0,65.0,2016-04-01,LGA 1151,Desktop,2800.0,3400.0,1,4,1,1261,312,Intel,Casual / Office,1,0
Intel Core i5-6442EQ @ 1.90GHz,250.0,25.0,2019-09-01,FCBGA1440,Laptop,1900.0,2700.0,1,4,1,1393,3,Intel,Casual / Office,1,0
Intel Core i5-650 @ 3.20GHz,223.0,73.0,2010-01-01,LGA1156,Desktop,3200.0,3460.0,1,2,2,2142,2777,Intel,Casual / Office,1,0
Intel Core i5-6500 @ 3.20GHz,34.99,65.0,2015-09-01,LGA 1151,Desktop,3200.0,3600.0,1,4,1,1228,6572,Intel,Gaming,1,2
Intel Core i5-6500T @ 2.50GHz,221.52,35.0,2015-10-01,LGA 1151,Desktop,2500.0,3100.0,1,4,1,1356,627,Intel,Casual / Office,1,0
Intel Core i5-6500TE @ 2.30GHz,489.95,35.0,2015-12-01,LGA 1151,Desktop,2300.0,3300.0,1,4,1,1384,29,Intel,Casual / Office,1,0
Intel Core i5-655K @ 3.20GHz,76.87,73.0,2010-06-01,LGA1156,Desktop,3200.0,3460.0,1,2,2,2244,46,Intel,Casual / Office,1,0
Intel Core i5-660 @ 3.33GHz,334.99,73.0,2009-12-01,LGA1156,Desktop,3330.0,3600.0,1,2,2,2050,351,Intel,Gaming,1,2
Intel Core i5-6600 @ 3.30GHz,100.0,65.0,2015-09-01,LGA 1151,Desktop,3300.0,3900.0,1,4,1,1159,2632,Intel,Gaming,1,2
Intel Core i5-6600K @ 3.50GHz,82.0,91.0,2015-08-01,FCLGA1151,Desktop,3500.0,3900.0,1,4,1,1111,5991,Intel,Gaming,1,2
Intel Core i5-6600T @ 2.70GHz,121.98,35.0,2015-10-01,LGA 1151,Desktop,2700.0,3500.0,1,4,1,1227,150,Intel,Gaming,1,2
Intel Core i5-661 @ 3.33GHz,178.85,87.0,2010-01-01,LGA1156,Desktop,3330.0,3600.0,1,2,2,2010,176,Intel,Gaming,1,2
Intel Core i5-670 @ 3.47GHz,291.0,73.0,2010-01-01,LGA1156,Desktop,3470.0,3730.0,1,2,2,1983,48,Intel,Gaming,1,2
Intel Core i5-680 @ 3.60GHz,38.0,73.0,2010-05-01,LGA1156,Desktop,3600.0,3860.0,1,2,2,1956,57,Intel,Gaming,1,2
Intel Core i5-7200U @ 2.50GHz,499.0,15.0,2016-10-01,FCBGA1356,Laptop,2500.0,3100.0,1,2,2,1654,6622,Intel,Casual / Office,1,0
Intel Core i5-7260U @ 2.20GHz,469.99,15.0,2017-04-01,BGA1356,Laptop,2200.0,3400.0,1,2,2,1521,246,Intel,Casual / Office,1,0
Intel Core i5-7300U @ 2.60GHz,627.0,15.0,2017-02-01,FCBGA1356,Laptop,2600.0,3500.0,1,2,2,1578,1430,Intel,Gaming,1,2
Intel Core i5-7400 @ 3.00GHz,85.0,65.0,2017-01-01,FCLGA1151,Desktop,3000.0,3500.0,1,4,1,1245,3547,Intel,Gaming,1,2
Intel Core i5-7400T @ 2.40GHz,133.85,35.0,2016-11-01,LGA1151,Desktop,2400.0,3000.0,1,4,1,1372,136,Intel,Casual / Office,1,0
Intel Core i5-7440EQ @ 2.90GHz,250.0,45.0,2021-02-01,FCBGA1440,Laptop,2900.0,3600.0,1,4,1,1218,1,Intel,Gaming,1,2
Intel Core i5-7442EQ @ 2.10GHz,250.0,25.0,2019-01-01,FCBGA1440,Laptop,2100.0,2900.0,1,4,1,1357,3,Intel,Casual / Office,1,0
Intel Core i5-750 @ 2.67GHz,162.82,95.0,2009-09-01,LGA1156,Desktop,2670.0,3200.0,1,4,1,1991,3361,Intel,Casual / Office,1,0
Intel Core i5-7500 @ 3.40GHz,122.68,65.0,2016-12-01,LGA1151,Desktop,3400.0,3800.0,1,4,1,1167,3230,Intel,Gaming,1,2
Intel Core i5-7500T @ 2.70GHz,114.11,35.0,2017-01-01,FCLGA1151,Desktop,2700.0,3300.0,1,4,1,1277,379,Intel,Casual / Office,1,0
Intel Core i5-760 @ 2.80GHz,265.0,95.0,2010-07-01,LGA1156,Desktop,2800.0,3330.0,1,4,1,1950,2086,Intel,Casual / Office,1,0
Intel Core i5-7600 @ 3.50GHz,129.99,65.0,2017-01-01,FCLGA1151,Desktop,3500.0,4100.0,1,4,1,1074,850,Intel,Gaming,1,2
Intel Core i5-7600K @ 3.80GHz,149.99,91.0,2017-01-01,FCLGA1151,Desktop,3800.0,4200.0,1,4,1,1050,2595,Intel,Gaming,1,2
Intel Core i5-7600T @ 2.80GHz,147.91,35.0,2017-01-01,FCLGA1151,Desktop,2800.0,3700.0,1,4,1,1184,46,Intel,Gaming,1,2
Intel Core i5-7640X @ 4.00GHz,142.86,112.0,2017-07-01,FCLGA2066,Desktop,4000.0,4200.0,1,4,1,1058,44,Intel,Gaming,1,2
Intel Core i5-8200Y @ 1.30GHz,291.0,5.0,2018-12-01,FCBGA1515,Laptop,1300.0,3900.0,1,2,2,2119,16,Intel,Gaming,1,2
Intel Core i5-8257U @ 1.40GHz,320.0,15.0,2019-11-01,FCBGA1528,Laptop,1400.0,3900.0,1,4,2,933,220,Intel,Gaming,1,2
Intel Core i5-8259U @ 2.30GHz,519.99,28.0,2018-08-01,FCBGA1528,Laptop,2300.0,3800.0,1,4,2,893,556,Intel,Gaming,1,2
Intel Core i5-8260U @ 1.60GHz,439.99,15.0,2020-05-01,FCBGA1528,Laptop,1600.0,3900.0,1,4,2,914,14,Intel,Gaming,1,2
Intel Core i5-8265U @ 1.60GHz,499.88,15.0,2018-09-01,FCBGA1528,Laptop,1600.0,3900.0,1,4,2,1165,2454,Intel,Gaming,1,2
Intel Core i5-8269U @ 2.60GHz,320.0,28.0,2021-04-01,FCBGA1528,"Laptop, Mobile/Embedded",2600.0,4200.0,1,4,2,897,1,Intel,Gaming,1,2
Intel Core i5-8279U @ 2.40GHz,320.0,28.0,2019-09-01,FCBGA1528,Laptop,2400.0,4100.0,1,4,2,924,101,Intel,Gaming,1,2
Intel Core i5-8300H @ 2.30GHz,250.0,45.0,2018-05-01,FCLGA1151-2,Laptop,2300.0,4000.0,1,4,2,948,3048,Intel,Gaming,1,2
Intel Core i5-8350U @ 1.70GHz,297.0,15.0,2017-12-01,FC-BGA1356,Laptop,1700.0,3600.0,1,4,2,1123,1123,Intel,Gaming,1,2
Intel Core i5-8365U @ 1.60GHz,539.07,15.0,2019-05-01,FCBGA1528,Laptop,1600.0,4100.0,1,4,2,1128,422,Intel,Gaming,1,2
Intel Core i5-8365UE @ 1.60GHz,297.0,15.0,2019-11-01,FCBGA1528,Laptop,1600.0,4100.0,1,4,2,1202,11,Intel,Gaming,1,2
Intel Core i5-8400 @ 2.80GHz,157.2,65.0,2017-10-01,FCLGA1151-2,Desktop,2800.0,4000.0,1,6,1,800,5187,Intel,Gaming,1,2
Intel Core i5-8400H @ 2.50GHz,250.0,45.0,2018-07-01,FCBGA1440,Laptop,2500.0,4200.0,1,4,2,902,78,Intel,Gaming,1,2
Intel Core i5-8400T @ 1.70GHz,239.84,35.0,2018-05-01,FCLGA1151-2,Desktop,1700.0,3300.0,1,6,1,951,183,Intel,Casual / Office,1,0
Intel Core i5-8500 @ 3.00GHz,138.0,65.0,2018-03-01,FCLGA1151-2,Desktop,3000.0,4100.0,1,6,1,777,1399,Intel,Gaming,1,2
Intel Core i5-8500B @ 3.00GHz,192.0,65.0,2019-01-01,FCBGA1440,Laptop,3000.0,4100.0,1,6,1,809,91,Intel,Gaming,1,2
Intel Core i5-8500T @ 2.10GHz,250.94,35.0,2018-04-01,FCLGA1151-2,Desktop,2100.0,3500.0,1,6,1,921,338,Intel,Gaming,1,2
Intel Core i5-8600 @ 3.10GHz,174.18,65.0,2018-05-01,FCLGA1151-2,Desktop,3100.0,4300.0,1,6,1,763,362,Intel,Gaming,1,2
Intel Core i5-8600K @ 3.60GHz,184.5,95.0,2017-10-01,FCLGA1151-2,Desktop,3600.0,4300.0,1,6,1,740,2515,Intel,Gaming,1,2
Intel Core i5-8600T @ 2.30GHz,199.99,35.0,2018-04-01,FCLGA1151-2,Desktop,2300.0,3700.0,1,6,1,858,58,Intel,Gaming,1,2
Intel Core i5-9300H @ 2.40GHz,250.0,45.0,2019-05-01,FCBGA1440,Laptop,2400.0,4100.0,1,4,2,920,2207,Intel,Gaming,1,2
Intel Core i5-9300HF @ 2.40GHz,250.0,45.0,2020-04-01,FCBGA1440,Laptop,2400.0,4100.0,1,4,2,940,147,Intel,Gaming,1,2
Intel Core i5-9400 @ 2.90GHz,179.35,65.0,2019-03-01,FCLGA1151-2,Desktop,2900.0,4100.0,1,6,1,784,1039,Intel,Gaming,1,2
Intel Core i5-9400F @ 2.90GHz,141.75,65.0,2019-02-01,FCLGA1151-2,"Desktop, Laptop",2900.0,4100.0,1,6,1,779,3348,Intel,Gaming,1,2
Intel Core i5-9400H @ 2.50GHz,250.0,45.0,2019-07-01,FCBGA1440,Laptop,2500.0,4300.0,1,4,2,872,99,Intel,Gaming,1,2
Intel Core i5-9400T @ 1.80GHz,182.0,35.0,2019-07-01,FCLGA1151-2,Desktop,1800.0,3400.0,1,6,1,918,81,Intel,Casual / Office,1,0
Intel Core i5-9500 @ 3.00GHz,173.99,65.0,2019-05-01,FCLGA1151-2,Desktop,3000.0,4400.0,1,6,1,771,473,Intel,Gaming,1,2
Intel Core i5-9500F @ 3.00GHz,186.0,65.0,2019-07-01,FCLGA1151-2,Desktop,3000.0,4400.0,1,6,1,738,53,Intel,Gaming,1,2
Intel Core i5-9500T @ 2.20GHz,192.0,35.0,2019-05-01,FCLGA1151-2,Desktop,2200.0,3700.0,1,6,1,873,201,Intel,Gaming,1,2
Intel Core i5-9500TE @ 2.20GHz,192.0,35.0,2020-05-01,FCLGA1151-2,Laptop,2200.0,3600.0,1,6,1,818,2,Intel,Gaming,1,2
Intel Core i5-9600 @ 3.10GHz,152.41,65.0,2019-09-01,FCLGA1151-2,Desktop,3100.0,4600.0,1,6,1,732,33,Intel,Gaming,1,2
Intel Core i5-9600K @ 3.70GHz,209.99,95.0,2018-10-01,FCLGA1151-2,Desktop,3700.0,4600.0,1,6,1,707,3664,Intel,Gaming,1,2
Intel Core i5-9600KF @ 3.70GHz,166.02,95.0,2019-05-01,FCLGA1151-2,Desktop,3700.0,4600.0,1,6,1,706,763,Intel,Gaming,1,2
Intel Core i5-9600T @ 2.30GHz,213.0,35.0,2019-11-01,FCLGA1151-2,Desktop,2300.0,3900.0,1,6,1,854,9,Intel,Gaming,1,2
Intel Core i5-L16G7 @ 1.40GHz,281.0,7.0,2020-07-01,FC-CSP1016,Laptop,1400.0,3000.0,1,5,1,1636,25,Intel,Casual / Office,1,0
Intel Core i7-10510U @ 1.80GHz,409.0,15.0,2019-09-01,FCBGA1528,Laptop,1800.0,4900.0,1,4,2,1067,1761,Intel,Gaming,1,2
Intel Core i7-10510Y @ 1.20GHz,403.0,7.0,2020-08-01,UTFCBGA1377,Laptop,1200.0,4500.0,1,4,2,1320,6,Intel,Gaming,1,2
Intel Core i7-10610U @ 1.80GHz,409.0,15.0,2020-05-01,FCBGA1528,Laptop,1800.0,4900.0,1,4,2,1025,250,Intel,Gaming,1,2
Intel Core i7-1065G7 @ 1.30GHz,426.0,15.0,2019-06-01,FCBGA-1526,Laptop,1300.0,3900.0,1,4,2,849,2009,Intel,Gaming,1,2
Intel Core i7-1068NG7 @ 2.30GHz,426.0,28.0,2020-05-01,FCBGA1344,Laptop,2300.0,4100.0,1,4,2,762,69,Intel,Gaming,1,2
Intel Core i7-10700 @ 2.90GHz,266.61,65.0,2020-06-01,FCLGA1200,Desktop,2900.0,4800.0,1,8,2,450,1923,Intel,Desain & Streaming,1,1
Intel Core i7-10700E @ 2.90GHz,330.0,65.0,2021-12-01,FCLGA1200,"Laptop, Mobile/Embedded",2900.0,4500.0,1,8,2,459,5,Intel,Desain & Streaming,1,1
Intel Core i7-10700F @ 2.90GHz,260.46,65.0,2020-07-01,FCLGA1200,Desktop,2900.0,4800.0,1,8,2,445,767,Intel,Desain & Streaming,1,1
Intel Core i7-10700K @ 3.80GHz,269.99,125.0,2020-05-01,FCLGA1200,Desktop,3800.0,5100.0,1,8,2,369,3325,Intel,Desain & Streaming,1,1
Intel Core i7-10700KF @ 3.80GHz,308.0,125.0,2020-06-01,FCLGA1200,Desktop,3800.0,5100.0,1,8,2,372,702,Intel,Desain & Streaming,1,1
Intel Core i7-10700T @ 2.00GHz,413.99,35.0,2020-07-01,FCLGA1200,Desktop,2000.0,4500.0,1,8,2,612,125,Intel,Desain & Streaming,1,1
Intel Core i7-10700TE @ 2.00GHz,330.0,35.0,2021-02-01,FCLGA1200,Laptop,2000.0,4400.0,1,8,2,461,1,Intel,Desain & Streaming,1,1
Intel Core i7-10710U @ 1.10GHz,644.99,15.0,2019-10-01,FCBGA1528,Laptop,1100.0,4700.0,1,6,2,761,492,Intel,Gaming,1,2
Intel Core i7-10810U @ 1.10GHz,443.0,15.0,2020-05-01,FCBGA1528,Laptop,1100.0,4900.0,1,6,2,889,51,Intel,Gaming,1,2
Intel Core i7-10850H @ 2.70GHz,395.0,45.0,2020-05-01,FCBGA1440,Laptop,2700.0,5100.0,1,6,2,649,342,Intel,Gaming,1,2
Intel Core i7-10870H @ 2.20GHz,417.0,45.0,2020-10-01,FCBGA1440,Laptop,2200.0,5000.0,1,8,2,520,661,Intel,Desain & Streaming,1,1
Intel Core i7-10875H @ 2.30GHz,450.0,45.0,2020-05-01,FCBGA1440,Laptop,2300.0,5100.0,1,8,2,499,1024,Intel,Desain & Streaming,1,1
Intel Core i7-11370H @ 3.30GHz,426.0,35.0,2021-02-01,FCBGA1449,Laptop,3300.0,4800.0,1,4,2,653,531,Intel,Gaming,1,2
Intel Core i7-11375H @ 3.30GHz,482.0,35.0,2021-02-01,FCBGA1449,Laptop,3300.0,5000.0,1,4,2,640,45,Intel,Gaming,1,2
Intel Core i7-11390H @ 3.40GHz,426.0,35.0,2021-11-01,FCBGA1449,Laptop,3400.0,5000.0,1,4,2,719,97,Intel,Gaming,1,2
Intel Core i7-11600H @ 2.90GHz,395.0,45.0,2021-11-01,FCBGA1787,Laptop,2900.0,4600.0,1,6,2,476,6,Intel,Gaming,1,2
Intel Core i7-1160G7 @ 1.20GHz,426.0,0.0,2021-01-01,FCBGA1598,Laptop,1200.0,4400.0,1,4,2,805,52,Intel,Gaming,1,2
Intel Core i7-1165G7 @ 2.80GHz,426.0,15.0,2020-08-01,BGA1526,Laptop,2800.0,4700.0,1,4,2,720,2845,Intel,Gaming,1,2
Intel Core i7-11700 @ 2.50GHz,299.99,95.0,2021-01-01,FCLGA1200,Desktop,2500.0,4400.0,1,8,2,345,223,Intel,Desain & Streaming,1,1
Intel Core i7-11700F @ 2.50GHz,270.75,65.0,2021-04-01,FCLGA1200,Desktop,2500.0,4900.0,1,8,2,303,697,Intel,Desain & Streaming,1,1
Intel Core i7-11700K @ 3.60GHz,289.0,125.0,2020-12-01,FCLGA1200,Desktop,3600.0,5000.0,1,8,2,215,1991,Intel,Desain & Streaming,1,1
Intel Core i7-11700KF @ 3.60GHz,309.99,125.0,2021-03-01,FCLGA1200,Desktop,3600.0,5000.0,1,8,2,223,601,Intel,Desain & Streaming,1,1
Intel Core i7-11700T @ 1.40GHz,323.0,35.0,2021-10-01,FCLGA1200,Desktop,1400.0,4600.0,1,8,2,485,25,Intel,Desain & Streaming,1,1
Intel Core i7-11800H @ 2.30GHz,395.0,45.0,2021-05-01,FCBGA1787,Laptop,2300.0,4600.0,1,8,2,305,3323,Intel,Desain & Streaming,1,1
Intel Core i7-1180G7 @ 1.30GHz,426.0,15.0,2021-02-01,FCBGA1598,Laptop,1300.0,4600.0,1,4,2,869,17,Intel,Gaming,1,2
Intel Core i7-11850H @ 2.50GHz,395.0,45.0,2021-05-01,FCBGA1787,Laptop,2500.0,4800.0,1,8,2,304,437,Intel,Desain & Streaming,1,1
Intel Core i7-11850HE @ 2.60GHz,440.0,35.0,2022-10-01,FCBGA1787,Mobile/Embedded,2100.0,4700.0,1,8,2,395,1,Intel,Desain & Streaming,1,1
Intel Core i7-1185G7 @ 3.00GHz,426.0,15.0,2020-07-01,BGA1526,Laptop,3000.0,4800.0,1,4,2,714,919,Intel,Gaming,1,2
Intel Core i7-1185G7E @ 2.80GHz,431.0,15.0,2021-04-01,FCBGA1449,"Laptop, Mobile/Embedded",2800.0,4400.0,1,4,2,747,8,Intel,Gaming,1,2
Intel Core i7-1195G7 @ 2.90GHz,426.0,28.0,2021-09-01,FCBGA1449,Laptop,2900.0,5000.0,1,4,2,697,244,Intel,Gaming,1,2
Intel Core i7-1250U,426.0,9.0,2022-08-01,FCBGA1781,Laptop,1100.0,4700.0,1,2,2,576,17,Intel,Gaming,1,2
Intel Core i7-1255U,426.0,15.0,2022-03-01,FCBGA1744,Laptop,1700.0,4700.0,1,2,2,580,174,Intel,Gaming,1,2
Intel Core i7-12650H,457.0,45.0,2022-03-01,FCBGA1744,Laptop,2300.0,4700.0,1,6,2,217,134,Intel,Gaming,1,2
Intel Core i7-1265U,426.0,15.0,2022-03-01,FCBGA1744,"Laptop, Mobile/Embedded",1800.0,4800.0,1,2,2,583,98,Intel,Gaming,1,2
Intel Core i7-1265UE,472.0,28.0,2022-11-01,FCBGA1744,"Laptop, Mobile/Embedded",0.0,4700.0,1,2,2,785,2,Intel,Gaming,1,2
Intel Core i7-12700,328.98,65.0,2022-01-01,FCLGA1700,Desktop,2100.0,4900.0,1,8,2,129,917,Intel,Desain & Streaming,1,1
Intel Core i7-12700E,344.0,65.0,2022-09-01,FCLGA1700,"Desktop, Mobile/Embedded",3600.0,4800.0,1,8,2,160,3,Intel,Desain & Streaming,1,1
Intel Core i7-12700F,269.99,65.0,2022-01-01,FCLGA1700,Desktop,2100.0,4900.0,1,8,2,128,557,Intel,Desain & Streaming,1,1
Intel Core i7-12700H,457.0,45.0,2022-02-01,FCBGA1744,Laptop,2300.0,4700.0,1,6,2,181,1465,Intel,Gaming,1,2
Intel Core i7-12700K,409.0,190.0,2021-11-01,FCLGA1700,Desktop,3600.0,5000.0,1,8,2,100,2917,Intel,Desain & Streaming,1,1
Intel Core i7-12700KF,297.0,190.0,2021-11-01,FCLGA1700,Desktop,3600.0,5000.0,1,8,2,102,1114,Intel,Desain & Streaming,1,1
Intel Core i7-12700T,339.0,35.0,2022-04-01,FCLGA1700,Desktop,1400.0,4700.0,1,8,2,282,32,Intel,Desain & Streaming,1,1
Intel Core i7-12700TE,344.0,35.0,2022-08-01,FCLGA1700,"Laptop, Mobile/Embedded",1400.0,4600.0,1,8,2,321,1,Intel,Desain & Streaming,1,1
Intel Core i7-12800H,457.0,45.0,2022-03-01,FCBGA1744,Laptop,2400.0,4800.0,1,6,2,220,141,Intel,Gaming,1,2
Intel Core i7-12800HX,457.0,55.0,2022-06-01,FCBGA1964,Laptop,2000.0,4800.0,1,8,2,105,58,Intel,Desain & Streaming,1,1
Intel Core i7-1280P,482.0,28.0,2022-03-01,FCBGA1744,Laptop,1800.0,4800.0,1,6,2,332,106,Intel,Gaming,1,2
Intel Core i7-12850HX,428.0,55.0,2022-06-01,FCBGA1964,Laptop,2100.0,4800.0,1,8,2,141,51,Intel,Desain & Streaming,1,1
Intel Core i7-13700K,439.99,125.0,2022-10-01,FCLGA1700,Desktop,4200.0,5400.0,1,8,2,51,235,Intel,Desain & Streaming,1,1
Intel Core i7-13700KF,422.61,125.0,2022-10-01,FCLGA1700,Desktop,4200.0,5400.0,1,8,2,52,108,Intel,Desain & Streaming,1,1
Intel Core i7-2600 @ 3.40GHz,58.51,95.0,2010-12-01,LGA1155,Desktop,3400.0,3800.0,1,4,2,1272,9462,Intel,Gaming,1,2
Intel Core i7-2600K @ 3.40GHz,77.0,95.0,2010-11-01,LGA1155,Desktop,3400.0,3800.0,1,4,2,1249,7304,Intel,Gaming,1,2
Intel Core i7-2600S @ 2.80GHz,249.0,65.0,2011-02-01,LGA1155,Desktop,2800.0,3800.0,1,4,2,1400,275,Intel,Gaming,1,2
Intel Core i7-2620M @ 2.70GHz,214.97,35.0,2011-01-01,BGA1023,Laptop,2700.0,3400.0,1,2,2,2024,1920,Intel,Casual / Office,1,0
Intel Core i7-2630QM @ 2.00GHz,93.24,45.0,2011-01-01,PGA988B,Laptop,2000.0,2900.0,1,4,2,1616,5351,Intel,Casual / Office,1,0
Intel Core i7-2640M @ 2.80GHz,123.41,35.0,2011-10-01,BGA1023,Laptop,2800.0,3500.0,1,2,2,1987,1553,Intel,Gaming,1,2
Intel Core i7-2670QM @ 2.20GHz,129.0,45.0,2011-09-01,PGA988B,Laptop,2200.0,3100.0,1,4,2,1569,6360,Intel,Casual / Office,1,0
Intel Core i7-2700K @ 3.50GHz,84.99,95.0,2011-10-01,LGA1155,Desktop,3500.0,3900.0,1,4,2,1225,1236,Intel,Gaming,1,2
Intel Core i7-2720QM @ 2.20GHz,179.95,45.0,2011-01-01,BGA1224,Laptop,2200.0,3300.0,1,4,2,1498,1358,Intel,Casual / Office,1,0
Intel Core i7-2760QM @ 2.40GHz,132.02,45.0,2011-09-01,BGA1224,Laptop,2400.0,3500.0,1,4,2,1435,1360,Intel,Gaming,1,2
Intel Core i7-2820QM @ 2.30GHz,369.95,45.0,2011-02-01,BGA1224,Laptop,2300.0,3400.0,1,4,2,1421,808,Intel,Casual / Office,1,0
Intel Core i7-2860QM @ 2.50GHz,182.01,45.0,2011-09-01,BGA1224,Laptop,2500.0,3600.0,1,4,2,1387,694,Intel,Gaming,1,2
Intel Core i7-2920XM @ 2.50GHz,120.0,55.0,2011-02-01,FCPGA988,Laptop,2500.0,3500.0,1,4,2,1441,142,Intel,Gaming,1,2
Intel Core i7-2960XM @ 2.70GHz,278.52,55.0,2011-10-01,PGA988B,Laptop,2700.0,3700.0,1,4,2,1375,142,Intel,Gaming,1,2
Intel Core i7-3520M @ 2.90GHz,122.02,35.0,2012-06-01,BGA1023,Laptop,2900.0,3600.0,1,2,2,1853,2206,Intel,Gaming,1,2
Intel Core i7-3540M @ 3.00GHz,128.02,35.0,2013-01-01,rPGA988B,Laptop,3000.0,3700.0,1,2,2,1832,598,Intel,Gaming,1,2
Intel Core i7-3610QM @ 2.30GHz,399.99,45.0,2012-04-01,PGA988B,Laptop,2300.0,3300.0,1,4,2,1321,4698,Intel,Casual / Office,1,0
Intel Core i7-3630QM @ 2.40GHz,229.0,45.0,2012-01-01,rPGA988B,Laptop,2400.0,3400.0,1,4,2,1315,8092,Intel,Casual / Office,1,0
Intel Core i7-3632QM @ 2.20GHz,178.04,35.0,2012-09-01,rPGA988B,Laptop,2200.0,3200.0,1,4,2,1391,3138,Intel,Casual / Office,1,0
Intel Core i7-3720QM @ 2.60GHz,99.95,45.0,2012-04-01,BGA1224,Laptop,2600.0,3600.0,1,4,2,1221,1640,Intel,Gaming,1,2
Intel Core i7-3740QM @ 2.70GHz,218.02,45.0,2012-09-01,rPGA988B,Laptop,2700.0,3700.0,1,4,2,1216,1724,Intel,Gaming,1,2
Intel Core i7-3770 @ 3.40GHz,86.78,77.0,2012-03-01,LGA1155,Desktop,3400.0,3900.0,1,4,2,1102,15400,Intel,Gaming,1,2
Intel Core i7-3770K @ 3.50GHz,115.99,77.0,2012-04-01,LGA1155,Desktop,3500.0,3900.0,1,4,2,1087,9045,Intel,Gaming,1,2
Intel Core i7-3770S @ 3.10GHz,109.0,65.0,2012-05-01,LGA1155,Desktop,3100.0,3900.0,1,4,2,1139,944,Intel,Gaming,1,2
Intel Core i7-3770T @ 2.50GHz,156.59,45.0,2012-05-01,LGA1155,Desktop,2500.0,3700.0,1,4,2,1243,66,Intel,Gaming,1,2
Intel Core i7-3820 @ 3.60GHz,49.99,130.0,2012-01-01,LGA2011,Desktop,3600.0,3800.0,1,4,2,1205,2930,Intel,Gaming,1,2
Intel Core i7-3820QM @ 2.70GHz,549.0,45.0,2012-05-01,BGA1224,Laptop,2700.0,3700.0,1,4,2,1211,491,Intel,Gaming,1,2
Intel Core i7-3840QM @ 2.80GHz,548.87,45.0,2012-08-01,rPGA988B,Laptop,2800.0,3800.0,1,4,2,1181,720,Intel,Gaming,1,2
Intel Core i7-3920XM @ 2.90GHz,1096.0,55.0,2012-05-01,FCPGA988,Laptop,2900.0,3800.0,1,4,2,1206,105,Intel,Gaming,1,2
Intel Core i7-3930K @ 3.20GHz,399.1,130.0,2011-11-01,LGA2011,Desktop,3200.0,3800.0,1,6,2,877,3493,Intel,Gaming,1,2
Intel Core i7-3940XM @ 3.00GHz,344.04,55.0,2012-10-01,rPGA988B,Laptop,3000.0,3900.0,1,4,2,1178,164,Intel,Gaming,1,2
Intel Core i7-3970X @ 3.50GHz,189.88,150.0,2012-01-01,LGA2011,Desktop,3500.0,4000.0,1,6,2,862,341,Intel,Gaming,1,2
Intel Core i7-4700HQ @ 2.40GHz,383.0,47.0,2013-01-01,FCBGA1364,Laptop,2400.0,3400.0,1,4,2,1233,3994,Intel,Casual / Office,1,0
Intel Core i7-4700MQ @ 2.40GHz,188.02,47.0,2013-06-01,rPGA946B,Laptop,2400.0,3400.0,1,4,2,1274,7109,Intel,Casual / Office,1,0
Intel Core i7-4702MQ @ 2.20GHz,352.05,37.0,2013-01-01,FCPGA946,Laptop,2200.0,3200.0,1,4,2,1314,2151,Intel,Casual / Office,1,0
Intel Core i7-4710HQ @ 2.50GHz,378.0,47.0,2014-05-01,FCBGA1364,Laptop,2500.0,3500.0,1,4,2,1247,5622,Intel,Gaming,1,2
Intel Core i7-4710MQ @ 2.50GHz,271.57,47.0,2014-04-01,FCPGA946,Laptop,2500.0,3500.0,1,4,2,1198,1941,Intel,Gaming,1,2
Intel Core i7-4765T @ 2.00GHz,498.95,35.0,2013-04-01,FCLGA1150,Desktop,2000.0,3000.0,1,4,2,1325,171,Intel,Casual / Office,1,0
Intel Core i7-4770 @ 3.40GHz,99.75,84.0,2013-06-01,LGA1150,Desktop,3400.0,3900.0,1,4,2,1012,9786,Intel,Gaming,1,2
Intel Core i7-4770K @ 3.50GHz,127.0,84.0,2013-06-01,LGA1150,Desktop,3500.0,3900.0,1,4,2,999,10276,Intel,Gaming,1,2
Intel Core i7-4770S @ 3.10GHz,118.96,65.0,2013-06-01,LGA1150,Desktop,3100.0,3900.0,1,4,2,1054,992,Intel,Gaming,1,2
Intel Core i7-4770T @ 2.50GHz,770.0,45.0,2013-01-01,LGA1150,Desktop,2500.0,3700.0,1,4,2,1196,105,Intel,Gaming,1,2
Intel Core i7-4771 @ 3.50GHz,129.74,84.0,2013-01-01,LGA1150,Desktop,3500.0,3900.0,1,4,2,1009,973,Intel,Gaming,1,2
Intel Core i7-4790 @ 3.60GHz,92.99,84.0,2014-05-01,FCLGA1150,Desktop,3600.0,4000.0,1,4,2,988,11667,Intel,Gaming,1,2
Intel Core i7-4790K @ 4.00GHz,187.0,88.0,2014-06-01,LGA1150,Desktop,4000.0,4400.0,1,4,2,896,20920,Intel,Gaming,1,2
Intel Core i7-4790S @ 3.20GHz,187.69,65.0,2014-06-01,LGA1150,Desktop,3200.0,4000.0,1,4,2,1027,766,Intel,Gaming,1,2
Intel Core i7-4790T @ 2.70GHz,249.88,45.0,2014-05-01,LGA1150,Desktop,2700.0,3900.0,1,4,2,1101,125,Intel,Gaming,1,2
Intel Core i7-4800MQ @ 2.70GHz,239.99,47.0,2013-01-01,rPGA946B,Laptop,2700.0,3700.0,1,4,2,1200,2143,Intel,Gaming,1,2
Intel Core i7-4810MQ @ 2.80GHz,179.95,47.0,2014-03-01,FCPGA946,Laptop,2800.0,3800.0,1,4,2,1163,2226,Intel,Gaming,1,2
Intel Core i7-4820K @ 3.70GHz,250.0,130.0,2013-07-01,FCLGA2011,Desktop,3700.0,3900.0,1,4,2,1088,1328,Intel,Gaming,1,2
Intel Core i7-4850HQ @ 2.30GHz,434.0,47.0,2013-07-01,FCBGA1364,Laptop,2300.0,3500.0,1,4,2,1130,210,Intel,Gaming,1,2
Intel Core i7-4900MQ @ 2.80GHz,556.0,47.0,2013-01-01,FCPGA946,Laptop,2800.0,3800.0,1,4,2,1150,677,Intel,Gaming,1,2
Intel Core i7-4910MQ @ 2.90GHz,459.95,47.0,2014-05-01,FCPGA946,Laptop,2900.0,3900.0,1,4,2,1133,632,Intel,Gaming,1,2
Intel Core i7-4930K @ 3.40GHz,89.99,130.0,2013-01-01,LGA2011,Desktop,3400.0,3900.0,1,6,2,789,2225,Intel,Gaming,1,2
Intel Core i7-4930MX @ 3.00GHz,1096.0,57.0,2013-01-01,FCPGA946,Laptop,3000.0,3900.0,1,4,2,1045,142,Intel,Gaming,1,2
Intel Core i7-4940MX @ 3.10GHz,699.95,57.0,2014-03-01,"FPGA946,FPGA947",Laptop,3100.0,4000.0,1,4,2,1002,134,Intel,Gaming,1,2
Intel Core i7-4960HQ @ 2.60GHz,623.0,47.0,2013-09-01,FCBGA1364,Laptop,2600.0,3800.0,1,4,2,1049,91,Intel,Gaming,1,2
Intel Core i7-5557U @ 3.10GHz,605.99,28.0,2015-03-01,FCBGA1168,Laptop,3100.0,3400.0,1,2,2,1722,344,Intel,Casual / Office,1,0
Intel Core i7-5775C @ 3.30GHz,199.99,65.0,2015-06-01,FCLGA1150,Desktop,3300.0,3700.0,1,4,2,917,183,Intel,Gaming,1,2
Intel Core i7-5820K @ 3.30GHz,160.89,140.0,2014-09-01,LGA2011-v3,Desktop,3300.0,3600.0,1,6,2,768,4580,Intel,Gaming,1,2
Intel Core i7-5850EQ @ 2.70GHz,435.0,47.0,2018-11-01,FCBGA1364,Laptop,2700.0,3400.0,1,4,2,1014,1,Intel,Casual / Office,1,0
Intel Core i7-5850HQ @ 2.70GHz,434.0,47.0,2015-12-01,FCBGA1364,Laptop,2700.0,3600.0,1,4,2,1046,3,Intel,Gaming,1,2
Intel Core i7-5930K @ 3.50GHz,313.0,140.0,2014-08-01,LGA2011-v3,Desktop,3500.0,3700.0,1,6,2,734,1813,Intel,Gaming,1,2
Intel Core i7-5960X @ 3.00GHz,198.99,140.0,2014-08-01,LGA2011-v3,Desktop,3000.0,3500.0,1,8,2,629,1151,Intel,Desain & Streaming,1,1
Intel Core i7-620M @ 2.67GHz,149.59,35.0,2010-01-01,BGA1288,Laptop,2660.0,3333.0,1,2,2,2249,1376,Intel,Casual / Office,1,0
Intel Core i7-640M @ 2.80GHz,289.95,35.0,2010-10-01,BGA1288,Laptop,2800.0,3460.0,1,2,2,2234,673,Intel,Casual / Office,1,0
Intel Core i7-6500U @ 2.50GHz,393.0,15.0,2015-09-01,FCBGA1356,Laptop,2500.0,3100.0,1,2,2,1695,5297,Intel,Casual / Office,1,0
Intel Core i7-6660U @ 2.40GHz,415.0,15.0,2018-08-01,FCBGA1356,Laptop,2400.0,3400.0,1,2,2,1564,16,Intel,Casual / Office,1,0
Intel Core i7-6700 @ 3.40GHz,210.0,65.0,2015-09-01,LGA 1151,Desktop,3400.0,4000.0,1,4,2,891,8704,Intel,Gaming,1,2
Intel Core i7-6700HQ @ 2.60GHz,378.0,45.0,2015-08-01,FCBGA1440,Laptop,2600.0,3500.0,1,4,2,1079,12659,Intel,Gaming,1,2
Intel Core i7-6700K @ 4.00GHz,165.53,95.0,2015-07-01,LGA1151,Desktop,4000.0,4200.0,1,4,2,821,15030,Intel,Gaming,1,2
Intel Core i7-6700T @ 2.80GHz,275.0,35.0,2015-10-01,LGA 1151,Desktop,2800.0,3600.0,1,4,2,985,619,Intel,Gaming,1,2
Intel Core i7-6770HQ @ 2.60GHz,619.0,45.0,2016-04-01,FCBGA1440,Laptop,2600.0,3500.0,1,4,2,1003,475,Intel,Gaming,1,2
Intel Core i7-6800K @ 3.40GHz,147.85,140.0,2016-05-01,LGA2011-v3,Desktop,3400.0,3800.0,1,6,2,708,1643,Intel,Gaming,1,2
Intel Core i7-6820HK @ 2.70GHz,378.0,45.0,2015-10-01,FCBGA1440,Laptop,2700.0,3600.0,1,4,2,1035,754,Intel,Gaming,1,2
Intel Core i7-6850K @ 3.60GHz,190.38,140.0,2016-06-01,FCLGA2011-3,Desktop,3600.0,4000.0,1,6,2,672,1235,Intel,Gaming,1,2
Intel Core i7-6900K @ 3.20GHz,165.36,140.0,2016-06-01,FCLGA2011-3,Desktop,3200.0,4000.0,1,8,2,543,467,Intel,Desain & Streaming,1,1
Intel Core i7-6920HQ @ 2.90GHz,568.0,45.0,2016-02-01,FCBGA1440,Laptop,2900.0,3800.0,1,4,2,965,261,Intel,Gaming,1,2
Intel Core i7-6950X @ 3.00GHz,337.57,140.0,2016-06-01,LGA2011-v3,Desktop,3000.0,4000.0,1,10,2,432,498,Intel,Desain & Streaming,1,1
Intel Core i7-720QM @ 1.60GHz,219.95,45.0,2009-10-01,PGA988A,Laptop,1600.0,2800.0,1,4,2,2466,2828,Intel,Casual / Office,1,0
Intel Core i7-740QM @ 1.73GHz,99.95,45.0,2010-06-01,PGA988A,Laptop,1730.0,2930.0,1,4,2,2372,1995,Intel,Casual / Office,1,0
Intel Core i7-7500U @ 2.70GHz,539.0,15.0,2016-10-01,FCBGA1356,Laptop,2700.0,3500.0,1,2,2,1588,4960,Intel,Gaming,1,2
Intel Core i7-7567U @ 3.50GHz,733.99,28.0,2017-03-01,BGA1356,Laptop,3500.0,4000.0,1,2,2,1457,234,Intel,Gaming,1,2
Intel Core i7-7700 @ 3.60GHz,180.99,65.0,2016-12-01,LGA1151,Desktop,3600.0,4200.0,1,4,2,841,5559,Intel,Gaming,1,2
Intel Core i7-7700HQ @ 2.80GHz,378.0,45.0,2016-12-01,FCBGA1440,Laptop,2800.0,3800.0,1,4,2,1028,12294,Intel,Gaming,1,2
Intel Core i7-7700K @ 4.20GHz,248.44,95.0,2016-10-01,	LGA 1151,Desktop,4200.0,4500.0,1,4,2,773,10464,Intel,Gaming,1,2
Intel Core i7-7700T @ 2.90GHz,183.68,35.0,2017-02-01,FCLGA1151,Desktop,2900.0,3800.0,1,4,2,938,413,Intel,Gaming,1,2
Intel Core i7-7740X @ 4.30GHz,103.9,112.0,2017-07-01,FCLGA2066,Desktop,4300.0,4500.0,1,4,2,765,180,Intel,Gaming,1,2
Intel Core i7-7800X @ 3.50GHz,435.99,140.0,2017-06-01,FCLGA2066,Desktop,3500.0,4000.0,1,6,2,620,505,Intel,Gaming,1,2
Intel Core i7-7820EQ @ 3.00GHz,378.0,45.0,2019-06-01,FCBGA1440,Laptop,3000.0,3700.0,1,4,2,959,2,Intel,Gaming,1,2
Intel Core i7-7820HK @ 2.90GHz,378.0,45.0,2017-01-01,FCBGA1440,Laptop,2900.0,3900.0,1,4,2,944,516,Intel,Gaming,1,2
Intel Core i7-7820HQ @ 2.90GHz,378.0,45.0,2017-02-01,FCBGA1440,Laptop,2900.0,3900.0,1,4,2,998,1021,Intel,Gaming,1,2
Intel Core i7-7820X @ 3.60GHz,709.0,140.0,2017-06-01,FCLGA2066,Desktop,3600.0,4300.0,1,8,2,434,935,Intel,Desain & Streaming,1,1
Intel Core i7-7920HQ @ 3.10GHz,568.0,45.0,2017-04-01,FCBGA1440,Laptop,3100.0,4100.0,1,4,2,956,153,Intel,Gaming,1,2
Intel Core i7-8086K @ 4.00GHz,681.99,95.0,2018-06-01,FCLGA1151-2,Desktop,4000.0,5000.0,1,6,2,536,1260,Intel,Gaming,1,2
Intel Core i7-820QM @ 1.73GHz,129.0,45.0,2009-10-01,PGA988A,Laptop,1730.0,3060.0,1,4,2,2427,415,Intel,Casual / Office,1,0
Intel Core i7-840QM @ 1.87GHz,338.9,45.0,2010-07-01,PGA988A,Laptop,1870.0,3200.0,1,4,2,2283,227,Intel,Casual / Office,1,0
Intel Core i7-8500Y @ 1.50GHz,393.0,5.0,2018-10-01,FCBGA1515,Laptop,1500.0,4200.0,1,2,2,1975,62,Intel,Gaming,1,2
Intel Core i7-8557U @ 1.70GHz,431.0,15.0,2019-12-01,FCBGA1528,Laptop,1700.0,4500.0,1,4,2,886,10,Intel,Gaming,1,2
Intel Core i7-8559U @ 2.70GHz,617.0,28.0,2018-08-01,FCBGA1528,Laptop,2700.0,4500.0,1,4,2,840,310,Intel,Gaming,1,2
Intel Core i7-8565U @ 1.80GHz,615.0,15.0,2018-08-01,FCBGA1356,Laptop,1800.0,4600.0,1,4,2,1127,2339,Intel,Gaming,1,2
Intel Core i7-8569U @ 2.80GHz,431.0,28.0,2020-02-01,FCBGA1528,Laptop,2800.0,4700.0,1,4,2,864,43,Intel,Gaming,1,2
Intel Core i7-860 @ 2.80GHz,43.99,95.0,2009-09-01,LGA1156,Desktop,2800.0,3460.0,1,4,2,1822,3918,Intel,Casual / Office,1,0
Intel Core i7-860S @ 2.53GHz,160.0,82.0,2011-04-01,LGA1156,Desktop,2530.0,3460.0,1,4,2,1868,7,Intel,Casual / Office,1,0
Intel Core i7-8650U @ 1.90GHz,1049.0,15.0,2017-08-01,FC-BGA1356,Laptop,1900.0,4200.0,1,4,2,1117,2243,Intel,Gaming,1,2
Intel Core i7-8665U @ 1.90GHz,704.49,15.0,2019-04-01,FCBGA1528,Laptop,1900.0,4800.0,1,4,2,1125,565,Intel,Gaming,1,2
Intel Core i7-8665UE @ 1.70GHz,409.0,15.0,2019-11-01,FCBGA1528,Laptop,1700.0,4400.0,1,4,2,1337,5,Intel,Gaming,1,2
Intel Core i7-870 @ 2.93GHz,229.95,95.0,2009-09-01,LGA1156,Desktop,2930.0,3600.0,1,4,2,1760,2482,Intel,Gaming,1,2
Intel Core i7-8700 @ 3.20GHz,168.89,65.0,2017-10-01,FCLGA1151-2,Desktop,3200.0,4600.0,1,6,2,613,7154,Intel,Gaming,1,2
Intel Core i7-8700B @ 3.20GHz,303.0,65.0,2019-01-01,FCBGA1440,Laptop,3200.0,4600.0,1,6,2,647,123,Intel,Gaming,1,2
Intel Core i7-8700K @ 3.70GHz,329.0,95.0,2017-10-01,FCLGA1151-2,Desktop,3700.0,4700.0,1,6,2,572,12531,Intel,Gaming,1,2
Intel Core i7-8700T @ 2.40GHz,335.0,35.0,2018-03-01,FCLGA1151-2,Desktop,2400.0,4000.0,1,6,2,735,348,Intel,Gaming,1,2
Intel Core i7-8750H @ 2.20GHz,395.0,45.0,2018-04-01,FCBGA1440,Laptop,2200.0,4100.0,1,6,2,750,9904,Intel,Gaming,1,2
Intel Core i7-875K @ 2.93GHz,420.0,95.0,2010-06-01,LGA1156,Desktop,2930.0,3600.0,1,4,2,1764,231,Intel,Gaming,1,2
Intel Core i7-880 @ 3.07GHz,338.97,95.0,2010-07-01,LGA1156,Desktop,3070.0,3730.0,1,4,2,1766,67,Intel,Gaming,1,2
Intel Core i7-8850H @ 2.60GHz,395.0,45.0,2018-04-01,FCBGA1440,Laptop,2600.0,4300.0,1,6,2,736,1281,Intel,Gaming,1,2
Intel Core i7-920 @ 2.67GHz,189.88,130.0,2008-11-01,LGA1366,Desktop,2670.0,2930.0,1,4,2,1875,6113,Intel,Casual / Office,1,0
Intel Core i7-920XM @ 2.00GHz,398.95,55.0,2009-11-01,PGA988B,Laptop,2000.0,3200.0,1,4,2,2253,205,Intel,Casual / Office,1,0
Intel Core i7-930 @ 2.80GHz,25.69,130.0,2010-02-01,LGA1366,Desktop,2800.0,3060.0,1,4,2,1845,1929,Intel,Casual / Office,1,0
Intel Core i7-940 @ 2.93GHz,348.0,130.0,2008-12-01,LGA1366,Desktop,2930.0,3200.0,1,4,2,1830,277,Intel,Casual / Office,1,0
Intel Core i7-950 @ 3.07GHz,271.91,130.0,2009-06-01,LGA1366,Desktop,3070.0,3330.0,1,4,2,1731,3060,Intel,Gaming,1,2
Intel Core i7-960 @ 3.20GHz,22.99,130.0,2009-10-01,LGA1366,Desktop,3200.0,3460.0,1,4,2,1694,1345,Intel,Gaming,1,2
Intel Core i7-970 @ 3.20GHz,520.0,130.0,2010-07-01,LGA1366,Desktop,3200.0,3460.0,1,6,2,1085,378,Intel,Gaming,1,2
Intel Core i7-9700 @ 3.00GHz,284.99,65.0,2019-06-01,FCLGA1151-2,Desktop,3000.0,4700.0,1,8,1,594,1750,Intel,Gaming,1,2
Intel Core i7-9700E @ 2.60GHz,323.0,65.0,2020-11-01,FCLGA1151-2,Desktop,2600.0,4400.0,1,8,1,627,16,Intel,Gaming,1,2
Intel Core i7-9700F @ 3.00GHz,215.36,65.0,2019-06-01,FCLGA1151-2,Desktop,3000.0,4700.0,1,8,1,592,722,Intel,Gaming,1,2
Intel Core i7-9700K @ 3.60GHz,299.99,95.0,2018-10-01,FCLGA1151-2,Desktop,3600.0,4900.0,1,8,1,532,6692,Intel,Gaming,1,2
Intel Core i7-9700KF @ 3.60GHz,278.82,95.0,2019-04-01,FCLGA1151-2,Desktop,3600.0,4900.0,1,8,1,542,540,Intel,Gaming,1,2
Intel Core i7-9700T @ 2.00GHz,323.0,35.0,2019-07-01,FCLGA1151-2,Desktop,2000.0,4300.0,1,8,1,713,83,Intel,Gaming,1,2
Intel Core i7-9700TE @ 1.80GHz,323.0,35.0,2019-12-01,FCLGA1151-2,"Desktop, Laptop",1800.0,3800.0,1,8,1,712,10,Intel,Gaming,1,2
Intel Core i7-975 @ 3.33GHz,458.1,130.0,2009-06-01,LGA1366,Desktop,3330.0,3600.0,1,4,2,1664,375,Intel,Gaming,1,2
Intel Core i7-9750H @ 2.60GHz,960.0,45.0,2019-04-01,FCBGA1440,Laptop,2600.0,4500.0,1,6,2,687,7123,Intel,Gaming,1,2
Intel Core i7-9750HF @ 2.60GHz,395.0,45.0,2020-01-01,FCBGA1440,Laptop,2600.0,4500.0,1,6,2,686,76,Intel,Gaming,1,2
Intel Core i7-980 @ 3.33GHz,549.95,130.0,2011-07-01,LGA1366,Desktop,3330.0,3600.0,1,6,2,1044,248,Intel,Gaming,1,2
Intel Core i7-9800X @ 3.80GHz,305.99,165.0,2018-12-01,FCLGA2066,Desktop,3800.0,4500.0,1,8,2,404,160,Intel,Desain & Streaming,1,1
Intel Core i7-980X @ 3.33GHz,123.0,130.0,2010-03-01,LGA1366,Desktop,3330.0,3600.0,1,6,2,1051,778,Intel,Gaming,1,2
Intel Core i7-9850HL @ 1.90GHz,395.0,25.0,2019-12-01,FCBGA1440,"Desktop, Laptop",1900.0,4100.0,1,6,2,811,1,Intel,Gaming,1,2
Intel Core i7-990X @ 3.47GHz,215.0,130.0,2011-01-01,LGA1366,Desktop,3470.0,3730.0,1,6,2,1006,412,Intel,Gaming,1,2
Intel Core i9-10850K @ 3.60GHz,349.99,125.0,2020-08-01,FCLGA1200,Desktop,3600.0,5100.0,1,10,2,261,1628,Intel,Desain & Streaming,1,1
Intel Core i9-10885H @ 2.40GHz,556.0,45.0,2020-07-01,FCBGA1440,Laptop,2400.0,5300.0,1,8,2,491,374,Intel,Desain & Streaming,1,1
Intel Core i9-10900 @ 2.80GHz,449.35,65.0,2020-05-01,FCLGA1200,Desktop,2800.0,5200.0,1,10,2,333,481,Intel,Desain & Streaming,1,1
Intel Core i9-10900E @ 2.80GHz,444.0,65.0,2021-11-01,FCLGA1200,"Desktop, Mobile/Embedded",2800.0,4700.0,1,10,2,323,1,Intel,Desain & Streaming,1,1
Intel Core i9-10900F @ 2.80GHz,402.99,65.0,2020-07-01,FCLGA1200,Desktop,2800.0,5200.0,1,10,2,325,273,Intel,Desain & Streaming,1,1
Intel Core i9-10900K @ 3.70GHz,370.99,125.0,2020-05-01,FCLGA1200,Desktop,3700.0,5300.0,1,10,2,239,2153,Intel,Desain & Streaming,1,1
Intel Core i9-10900KF @ 3.70GHz,388.38,125.0,2020-06-01,FCLGA1200,Desktop,3700.0,5300.0,1,10,2,247,699,Intel,Desain & Streaming,1,1
Intel Core i9-10900T @ 1.90GHz,339.99,35.0,2020-06-01,FCLGA1200,Desktop,1900.0,4600.0,1,10,2,490,26,Intel,Desain & Streaming,1,1
Intel Core i9-10900TE @ 1.80GHz,444.0,35.0,2021-03-01,FCLGA1200,Mobile/Embedded,1800.0,4500.0,1,10,2,410,1,Intel,Desain & Streaming,1,1
Intel Core i9-10900X @ 3.70GHz,549.99,165.0,2019-12-01,FCLGA2066,Desktop,3700.0,4700.0,1,10,2,269,327,Intel,Desain & Streaming,1,1
Intel Core i9-10920X @ 3.50GHz,612.99,165.0,2019-12-01,FCLGA2066,Desktop,3500.0,4800.0,1,12,2,188,188,Intel,Desain & Streaming,1,1
Intel Core i9-10940X @ 3.30GHz,699.99,165.0,2019-12-01,FCLGA2066,Desktop,3300.0,4800.0,1,14,2,159,138,Intel,Desain & Streaming,1,1
Intel Core i9-10980HK @ 2.40GHz,583.0,45.0,2020-04-01,FCBGA1440,Laptop,2400.0,5300.0,1,8,2,472,268,Intel,Desain & Streaming,1,1
Intel Core i9-10980XE @ 3.00GHz,959.5,165.0,2019-12-01,FCLGA2066,Desktop,3000.0,4800.0,1,18,2,113,381,Intel,Server,1,3
Intel Core i9-11900 @ 2.50GHz,399.99,65.0,2021-04-01,FCLGA1200,Desktop,2500.0,5200.0,1,8,2,254,241,Intel,Desain & Streaming,1,1
Intel Core i9-11900F @ 2.50GHz,399.99,65.0,2021-04-01,FCLGA1200,Desktop,2500.0,5200.0,1,8,2,253,159,Intel,Desain & Streaming,1,1
Intel Core i9-11900H @ 2.50GHz,546.0,45.0,2021-07-01,FCBGA1787,Laptop,2500.0,4900.0,1,8,2,308,371,Intel,Desain & Streaming,1,1
Intel Core i9-11900K @ 3.50GHz,371.99,125.0,2021-01-01,FCLGA1200,Desktop,3500.0,5200.0,1,8,2,197,1466,Intel,Desain & Streaming,1,1
Intel Core i9-11900KB @ 3.30GHz,539.0,65.0,2021-07-01,FCBGA1787,Desktop,3300.0,4900.0,1,8,2,249,39,Intel,Desain & Streaming,1,1
Intel Core i9-11900KF @ 3.50GHz,319.99,125.0,2021-04-01,FCLGA1200,Desktop,3500.0,5300.0,1,8,2,202,355,Intel,Desain & Streaming,1,1
Intel Core i9-11900T @ 1.50GHz,439.0,35.0,2021-05-01,FCLGA1200,Desktop,1500.0,4900.0,1,8,2,396,22,Intel,Desain & Streaming,1,1
Intel Core i9-11950H @ 2.60GHz,556.0,45.0,2021-06-01,FCBGA1787,Laptop,2600.0,5000.0,1,8,2,285,249,Intel,Desain & Streaming,1,1
Intel Core i9-11980HK @ 2.60GHz,583.0,45.0,2021-05-01,FCBGA1787,Laptop,2600.0,5000.0,1,8,2,242,163,Intel,Desain & Streaming,1,1
Intel Core i9-12900,519.99,65.0,2022-02-01,FCLGA1700,Desktop,2400.0,5100.0,1,8,2,95,197,Intel,Desain & Streaming,1,1
Intel Core i9-12900F,515.0,65.0,2022-01-01,FCLGA1700,Desktop,2400.0,5100.0,1,8,2,92,77,Intel,Desain & Streaming,1,1
Intel Core i9-12900H,617.0,45.0,2022-02-01,FCBGA1744,Laptop,2500.0,5000.0,1,6,2,154,581,Intel,Gaming,1,2
Intel Core i9-12900HK,635.0,45.0,2022-01-01,FCBGA1744,Laptop,2500.0,5000.0,1,6,2,150,188,Intel,Gaming,1,2
Intel Core i9-12900HX,606.0,55.0,2022-06-01,FCBGA1964,Laptop,2390.0,5000.0,1,8,2,99,55,Intel,Desain & Streaming,1,1
Intel Core i9-12900K,439.99,241.0,2021-11-01,FCLGA1700,Desktop,3200.0,5200.0,1,8,2,66,3145,Intel,Desain & Streaming,1,1
Intel Core i9-12900KF,417.99,241.0,2021-11-01,FCLGA1700,Desktop,3200.0,5200.0,1,8,2,67,899,Intel,Desain & Streaming,1,1
Intel Core i9-12900KS,502.99,150.0,2022-04-01,LGA 1700,Desktop,3400.0,5500.0,1,8,2,58,380,Intel,Desain & Streaming,1,1
Intel Core i9-12900T,489.0,35.0,2022-01-01,FCLGA1700,Desktop,1400.0,4900.0,1,8,2,124,42,Intel,Desain & Streaming,1,1
Intel Core i9-12950HX,590.0,55.0,2022-05-01,FCBGA1964,Laptop,2500.0,5000.0,1,8,2,121,103,Intel,Desain & Streaming,1,1
Intel Core i9-13900K,649.0,125.0,2022-09-01,FCLGA1700,Desktop,3000.0,5800.0,1,8,2,28,438,Intel,Desain & Streaming,1,1
Intel Core i9-13900KF,574.99,125.0,2022-10-01,FCLGA1700,Desktop,3000.0,5800.0,1,8,2,26,156,Intel,Desain & Streaming,1,1
Intel Core i9-7900X @ 3.30GHz,265.99,140.0,2017-06-01,FCLGA2066,Desktop,3300.0,4500.0,1,10,2,302,1024,Intel,Desain & Streaming,1,1
Intel Core i9-7920X @ 2.90GHz,275.0,140.0,2017-09-01,FCLGA2066,Desktop,2900.0,4400.0,1,12,2,236,317,Intel,Desain & Streaming,1,1
Intel Core i9-7940X @ 3.10GHz,620.0,165.0,2017-09-01,FCLGA2066,Desktop,3100.0,4300.0,1,14,2,190,385,Intel,Desain & Streaming,1,1
Intel Core i9-7960X @ 2.80GHz,265.0,165.0,2017-10-01,FCLGA2066,Desktop,2800.0,4200.0,1,16,2,178,131,Intel,Desain & Streaming,1,1
Intel Core i9-7980XE @ 2.60GHz,899.1,165.0,2017-09-01,FCLGA2066,Desktop,2600.0,4200.0,1,18,2,137,335,Intel,Server,1,3
Intel Core i9-8950HK @ 2.90GHz,583.0,45.0,2018-04-01,FCBGA1440,Laptop,2900.0,4800.0,1,6,2,716,839,Intel,Gaming,1,2
Intel Core i9-9820X @ 3.30GHz,541.83,165.0,2018-12-01,FCLGA2066,Desktop,3300.0,4200.0,1,10,2,355,148,Intel,Desain & Streaming,1,1
Intel Core i9-9880H @ 2.30GHz,556.0,45.0,2019-05-01,FCBGA1440,Laptop,2300.0,4800.0,1,8,2,561,949,Intel,Desain & Streaming,1,1
Intel Core i9-9900 @ 3.10GHz,715.51,65.0,2019-07-01,FCLGA1151-2,Desktop,3100.0,5000.0,1,8,2,451,449,Intel,Desain & Streaming,1,1
Intel Core i9-9900K @ 3.60GHz,698.88,95.0,2018-10-01,FCLGA1151-2,Desktop,3600.0,5000.0,1,8,2,386,10582,Intel,Desain & Streaming,1,1
Intel Core i9-9900KF @ 3.60GHz,409.99,95.0,2019-04-01,FCLGA1151-2,Desktop,3600.0,5000.0,1,8,2,388,1204,Intel,Desain & Streaming,1,1
Intel Core i9-9900KS @ 4.00GHz,894.35,127.0,2019-10-01,FCLGA1151-2,Desktop,4000.0,5000.0,1,8,2,354,414,Intel,Desain & Streaming,1,1
Intel Core i9-9900T @ 2.10GHz,439.0,35.0,2019-11-01,FCLGA1151-2,Desktop,2100.0,4400.0,1,8,2,590,27,Intel,Desain & Streaming,1,1
Intel Core i9-9900X @ 3.50GHz,619.7,165.0,2018-12-01,FCLGA2066,Desktop,3500.0,4500.0,1,10,2,288,175,Intel,Desain & Streaming,1,1
Intel Core i9-9920X @ 3.50GHz,639.99,165.0,2018-12-01,FCLGA2066,Desktop,3500.0,4500.0,1,12,2,204,93,Intel,Desain & Streaming,1,1
Intel Core i9-9940X @ 3.30GHz,849.99,165.0,2018-11-01,FCLGA2066,Desktop,3300.0,4500.0,1,14,2,158,146,Intel,Desain & Streaming,1,1
Intel Core i9-9980HK @ 2.40GHz,583.0,45.0,2019-05-01,FCBGA1440,Laptop,2400.0,5000.0,1,8,2,533,686,Intel,Desain & Streaming,1,1
Intel Core M-5Y10c @ 0.80GHz,281.0,4.5,2015-01-01,FCBGA1234,Laptop,800.0,2000.0,1,2,2,2306,392,Intel,Casual / Office,1,0
Intel Core M-5Y71 @ 1.20GHz,281.0,4.5,2015-01-01,FCBGA1234,Laptop,1200.0,2900.0,1,2,2,2242,245,Intel,Casual / Office,1,0
Intel Core m3-6Y30 @ 0.90GHz,281.0,4.5,2015-10-01,FCBGA1515,Laptop,900.0,2200.0,1,2,2,2172,260,Intel,Casual / Office,1,0
Intel Core m3-8100Y @ 1.10GHz,281.0,5.0,2018-12-01,FCBGA1515,Laptop,1100.0,3400.0,1,2,2,1826,127,Intel,Casual / Office,1,0
Intel Core2 Duo E4300 @ 1.80GHz,42.5,65.0,2009-10-01,LGA775,Desktop,1800.0,0.0,1,2,1,3444,403,Intel,Casual / Office,1,0
Intel Core2 Duo E4400 @ 2.00GHz,42.5,65.0,2008-12-01,LGA775,Desktop,2000.0,0.0,1,2,1,3340,448,Intel,Casual / Office,1,0
Intel Core2 Duo E4500 @ 2.20GHz,11.0,65.0,2008-12-01,LGA775,Desktop,2200.0,0.0,1,2,1,3236,1020,Intel,Casual / Office,1,0
Intel Core2 Duo E4600 @ 2.40GHz,157.95,65.0,2008-12-01,LGA775,Desktop,2400.0,0.0,1,2,1,3130,713,Intel,Casual / Office,1,0
Intel Core2 Duo E4700 @ 2.60GHz,26.99,65.0,2008-12-01,LGA775,Desktop,2600.0,0.0,1,2,1,3174,152,Intel,Casual / Office,1,0
Intel Core2 Duo E6300 @ 1.86GHz,127.61,65.0,2008-11-01,"LGA775, PLGA775",Desktop,1860.0,0.0,1,2,1,3415,1019,Intel,Casual / Office,1,0
Intel Core2 Duo E6320 @ 1.86GHz,39.99,65.0,2008-12-01,PLGA775,Desktop,1860.0,0.0,1,2,1,3275,254,Intel,Casual / Office,1,0
Intel Core2 Duo E6400 @ 2.13GHz,29.94,65.0,2009-03-01,LGA775,Desktop,2130.0,0.0,1,2,1,3227,1041,Intel,Casual / Office,1,0
Intel Core2 Duo E6420 @ 2.13GHz,39.99,65.0,2008-11-01,PLGA775,Desktop,2130.0,0.0,1,2,1,3269,314,Intel,Casual / Office,1,0
Intel Core2 Duo E6550 @ 2.33GHz,13.3,65.0,2008-11-01,LGA775,Desktop,2330.0,0.0,1,2,1,3103,1406,Intel,Casual / Office,1,0
Intel Core2 Duo E6600 @ 2.40GHz,129.95,65.0,2008-11-01,PLGA775,Desktop,2400.0,0.0,1,2,1,3062,1505,Intel,Casual / Office,1,0
Intel Core2 Duo E6700 @ 2.66GHz,29.99,65.0,2010-01-01,LGA775,Desktop,2660.0,0.0,1,2,1,3000,543,Intel,Casual / Office,1,0
Intel Core2 Duo E6750 @ 2.66GHz,10.3,65.0,2008-11-01,LGA775,Desktop,2660.0,0.0,1,2,1,2976,1436,Intel,Casual / Office,1,0
Intel Core2 Duo E6850 @ 3.00GHz,51.2,65.0,2008-11-01,LGA775,Desktop,3000.0,0.0,1,2,1,2851,729,Intel,Casual / Office,1,0
Intel Core2 Duo E7200 @ 2.53GHz,47.0,65.0,2008-12-01,LGA775,Desktop,2530.0,0.0,1,2,1,3017,663,Intel,Casual / Office,1,0
Intel Core2 Duo E7300 @ 2.66GHz,49.51,65.0,2008-11-01,LGA775,Desktop,2660.0,0.0,1,2,1,3015,782,Intel,Casual / Office,1,0
Intel Core2 Duo E7400 @ 2.80GHz,48.99,65.0,2008-12-01,LGA775,Desktop,2800.0,0.0,1,2,1,2988,1292,Intel,Casual / Office,1,0
Intel Core2 Duo E7500 @ 2.93GHz,99.63,65.0,2009-03-01,LGA775,Desktop,2930.0,0.0,1,2,1,2875,2921,Intel,Casual / Office,1,0
Intel Core2 Duo E7600 @ 3.06GHz,119.95,65.0,2009-06-01,LGA775,Desktop,3060.0,0.0,1,2,1,2858,424,Intel,Casual / Office,1,0
Intel Core2 Duo E8200 @ 2.66GHz,75.99,65.0,2008-11-01,LGA775,Desktop,2660.0,0.0,1,2,1,2902,579,Intel,Casual / Office,1,0
Intel Core2 Duo E8300 @ 2.83GHz,19.99,65.0,2008-12-01,LGA775,Desktop,2830.0,0.0,1,2,1,2936,197,Intel,Casual / Office,1,0
Intel Core2 Duo E8400 @ 3.00GHz,140.0,65.0,2008-11-01,LGA775,Desktop,3000.0,0.0,1,2,1,2819,7043,Intel,Casual / Office,1,0
Intel Core2 Duo E8435 @ 3.06GHz,59.99,0.0,2009-03-01,Socket P,Laptop,3060.0,0.0,1,2,1,2832,30,Intel,Casual / Office,1,0
Intel Core2 Duo E8500 @ 3.16GHz,129.95,65.0,2008-11-01,LGA775,Desktop,3160.0,0.0,1,2,1,2756,2404,Intel,Casual / Office,1,0
Intel Core2 Duo E8600 @ 3.33GHz,76.41,65.0,2008-11-01,LGA775,Desktop,3330.0,0.0,1,2,1,2659,726,Intel,Casual / Office,1,0
Intel Core2 Duo P7350 @ 2.00GHz,19.99,25.0,2008-12-01,BGA479,Laptop,2000.0,0.0,1,2,1,3225,491,Intel,Casual / Office,1,0
Intel Core2 Duo P7450 @ 2.13GHz,39.99,25.0,2009-02-01,PGA478,Laptop,2130.0,0.0,1,2,1,3195,450,Intel,Casual / Office,1,0
Intel Core2 Duo P7550 @ 2.26GHz,229.99,25.0,2009-06-01,PGA478,Laptop,2260.0,0.0,1,2,1,3092,119,Intel,Casual / Office,1,0
Intel Core2 Duo P8400 @ 2.26GHz,297.01,25.0,2008-12-01,BGA479,Laptop,2260.0,0.0,1,2,1,3143,1250,Intel,Casual / Office,1,0
Intel Core2 Duo P8600 @ 2.40GHz,49.18,25.0,2008-12-01,BGA479,Laptop,2400.0,0.0,1,2,1,3120,1663,Intel,Casual / Office,1,0
Intel Core2 Duo P8700 @ 2.53GHz,84.95,25.0,2009-03-01,BGA479,Laptop,2530.0,0.0,1,2,1,3011,1319,Intel,Casual / Office,1,0
Intel Core2 Duo P8800 @ 2.66GHz,56.99,25.0,2009-07-01,BGA479,Laptop,2660.0,0.0,1,2,1,3020,214,Intel,Casual / Office,1,0
Intel Core2 Duo P9500 @ 2.53GHz,998.99,25.0,2008-12-01,BGA479,Laptop,2530.0,0.0,1,2,1,2990,94,Intel,Casual / Office,1,0
Intel Core2 Duo P9600 @ 2.53GHz,99.0,25.0,2009-08-01,PGA478,Laptop,2530.0,0.0,1,2,1,2943,36,Intel,Casual / Office,1,0
Intel Core2 Duo SL9400 @ 1.86GHz,253.0,17.0,2009-02-01,BGA956,Laptop,1860.0,0.0,1,2,1,3205,175,Intel,Casual / Office,1,0
Intel Core2 Duo SP9400 @ 2.40GHz,284.0,25.0,2009-03-01,BGA956,Laptop,2400.0,0.0,1,2,1,3032,148,Intel,Casual / Office,1,0
Intel Core2 Duo T5250 @ 1.50GHz,89.95,35.0,2008-12-01,PGA478,Laptop,1500.0,0.0,1,2,1,3493,210,Intel,Casual / Office,1,0
Intel Core2 Duo T5750 @ 2.00GHz,9.99,35.0,2008-12-01,Socket P,Laptop,2000.0,0.0,1,2,1,3304,421,Intel,Casual / Office,1,0
Intel Core2 Duo T5850 @ 2.16GHz,27.79,0.0,2009-03-01,Socket P,Laptop,2160.0,0.0,1,2,1,3301,105,Intel,Casual / Office,1,0
Intel Core2 Duo T6400 @ 2.00GHz,14.99,35.0,2009-02-01,PGA478,Laptop,2000.0,0.0,1,2,1,3274,813,Intel,Casual / Office,1,0
Intel Core2 Duo T6500 @ 2.10GHz,14.99,35.0,2009-06-01,PGA478,Laptop,2100.0,0.0,1,2,1,3250,522,Intel,Casual / Office,1,0
Intel Core2 Duo T6570 @ 2.10GHz,38.5,35.0,2009-03-01,PGA478,Laptop,2100.0,0.0,1,2,1,3239,351,Intel,Casual / Office,1,0
Intel Core2 Duo T6600 @ 2.20GHz,39.97,35.0,2009-02-01,PGA478,Laptop,2200.0,0.0,1,2,1,3214,1148,Intel,Casual / Office,1,0
Intel Core2 Duo T7100 @ 1.80GHz,14.99,35.0,2009-02-01,BGA479,Laptop,1800.0,0.0,1,2,1,3356,307,Intel,Casual / Office,1,0
Intel Core2 Duo T7200 @ 2.00GHz,53.26,34.0,2008-11-01,"PBGA479, PPGA478",Laptop,2000.0,0.0,1,2,1,3253,731,Intel,Casual / Office,1,0
Intel Core2 Duo T7250 @ 2.00GHz,201.48,35.0,2009-02-01,BGA479,Laptop,2000.0,0.0,1,2,1,3292,724,Intel,Casual / Office,1,0
Intel Core2 Duo T7300 @ 2.00GHz,53.99,35.0,2008-12-01,BGA479,Laptop,2000.0,0.0,1,2,1,3299,619,Intel,Casual / Office,1,0
Intel Core2 Duo T7400 @ 2.16GHz,149.95,34.0,2010-07-01,BGA479,Laptop,2160.0,0.0,1,2,1,3284,154,Intel,Casual / Office,1,0
Intel Core2 Duo T7500 @ 2.20GHz,42.99,35.0,2008-11-01,BGA479,Laptop,2200.0,0.0,1,2,1,3149,975,Intel,Casual / Office,1,0
Intel Core2 Duo T7600 @ 2.33GHz,99.95,34.0,2008-12-01,"PBGA479, PPGA478",Laptop,2330.0,0.0,1,2,1,3182,182,Intel,Casual / Office,1,0
Intel Core2 Duo T7700 @ 2.40GHz,129.95,35.0,2008-11-01,BGA479,Laptop,2400.0,0.0,1,2,1,3101,403,Intel,Casual / Office,1,0
Intel Core2 Duo T7800 @ 2.60GHz,607.99,35.0,2009-03-01,BGA479,Laptop,2600.0,0.0,1,2,1,3005,55,Intel,Casual / Office,1,0
Intel Core2 Duo T8100 @ 2.10GHz,999.99,35.0,2008-12-01,BGA479,Laptop,2100.0,0.0,1,2,1,3241,584,Intel,Casual / Office,1,0
Intel Core2 Duo T8300 @ 2.40GHz,108.95,35.0,2008-12-01,BGA479,Laptop,2400.0,0.0,1,2,1,3084,571,Intel,Casual / Office,1,0
Intel Core2 Duo T9300 @ 2.50GHz,94.95,35.0,2008-12-01,BGA479,Laptop,2500.0,0.0,1,2,1,3027,851,Intel,Casual / Office,1,0
Intel Core2 Duo T9400 @ 2.53GHz,34.95,35.0,2009-01-01,BGA479,Laptop,2530.0,0.0,1,2,1,3039,724,Intel,Casual / Office,1,0
Intel Core2 Duo T9500 @ 2.60GHz,108.02,35.0,2009-01-01,BGA479,Laptop,2600.0,0.0,1,2,1,2946,256,Intel,Casual / Office,1,0
Intel Core2 Duo T9550 @ 2.66GHz,298.95,35.0,2009-02-01,BGA479,Laptop,2660.0,0.0,1,2,1,3059,321,Intel,Casual / Office,1,0
Intel Core2 Duo T9600 @ 2.80GHz,54.95,35.0,2009-02-01,BGA479,Laptop,2800.0,0.0,1,2,1,2925,888,Intel,Casual / Office,1,0
Intel Core2 Duo T9800 @ 2.93GHz,423.89,35.0,2009-02-01,BGA479,Laptop,2930.0,0.0,1,2,1,2802,118,Intel,Casual / Office,1,0
Intel Core2 Duo T9900 @ 3.06GHz,398.95,35.0,2009-07-01,"BGA479,PGA478",Laptop,3060.0,0.0,1,2,1,2797,257,Intel,Casual / Office,1,0
Intel Core2 Extreme Q6800 @ 2.93GHz,1125.0,75.0,2008-12-01,LGA775,Desktop,2930.0,0.0,1,4,1,2175,51,Intel,Casual / Office,1,0
Intel Core2 Extreme X6800 @ 2.93GHz,263.64,75.0,2008-12-01,PLGA775,Desktop,2930.0,0.0,1,2,1,3152,116,Intel,Casual / Office,1,0
Intel Core2 Extreme X7900 @ 2.80GHz,159.95,44.0,2009-03-01,PGA478,Laptop,2800.0,0.0,1,2,1,2892,40,Intel,Casual / Office,1,0
Intel Core2 Extreme X9000 @ 2.80GHz,409.95,44.0,2009-02-01,PGA478,Laptop,2800.0,0.0,1,2,1,2833,69,Intel,Casual / Office,1,0
Intel Core2 Extreme X9100 @ 3.06GHz,851.0,44.0,2008-12-01,PGA478,Laptop,3060.0,0.0,1,2,1,2841,101,Intel,Casual / Office,1,0
Intel Core2 Extreme X9650 @ 3.00GHz,859.99,130.0,2008-11-01,LGA775,Desktop,3000.0,0.0,1,4,1,2017,345,Intel,Gaming,1,2
Intel Core2 Quad Q6600 @ 2.40GHz,48.02,105.0,2008-11-01,LGA775,Desktop,2400.0,0.0,1,4,1,2385,7306,Intel,Casual / Office,1,0
Intel Core2 Quad Q6700 @ 2.66GHz,99.95,105.0,2008-11-01,LGA775,Desktop,2660.0,0.0,1,4,1,2213,965,Intel,Casual / Office,1,0
Intel Core2 Quad Q8200 @ 2.33GHz,63.99,95.0,2008-11-01,LGA775,Desktop,2330.0,0.0,1,4,1,2376,2323,Intel,Casual / Office,1,0
Intel Core2 Quad Q8300 @ 2.50GHz,33.72,95.0,2009-02-01,LGA775,Desktop,2500.0,0.0,1,4,1,2356,2036,Intel,Casual / Office,1,0
Intel Core2 Quad Q8400 @ 2.66GHz,128.88,95.0,2009-05-01,LGA775,Desktop,2660.0,0.0,1,4,1,2236,1547,Intel,Casual / Office,1,0
Intel Core2 Quad Q9000 @ 2.00GHz,389.0,45.0,2009-02-01,PGA478,Laptop,2000.0,0.0,1,4,1,2550,188,Intel,Casual / Office,1,0
Intel Core2 Quad Q9100 @ 2.26GHz,385.89,45.0,2009-04-01,PGA478,Laptop,2260.0,0.0,1,4,1,2404,51,Intel,Casual / Office,1,0
Intel Core2 Quad Q9300 @ 2.50GHz,68.02,95.0,2008-11-01,LGA775,Desktop,2500.0,0.0,1,4,1,2277,1405,Intel,Casual / Office,1,0
Intel Core2 Quad Q9400 @ 2.66GHz,38.03,95.0,2008-11-01,LGA775,Desktop,2660.0,0.0,1,4,1,2209,2360,Intel,Casual / Office,1,0
Intel Core2 Quad Q9450 @ 2.66GHz,35.7,95.0,2008-11-01,LGA775,Desktop,2660.0,0.0,1,4,1,2186,793,Intel,Casual / Office,1,0
Intel Core2 Quad Q9500 @ 2.83GHz,49.01,95.0,2010-05-01,LGA775,Desktop,2830.0,0.0,1,4,1,2145,286,Intel,Casual / Office,1,0
Intel Core2 Quad Q9505 @ 2.83GHz,334.99,95.0,2009-11-01,LGA775,Desktop,2830.0,0.0,1,4,1,2231,183,Intel,Casual / Office,1,0
Intel Core2 Quad Q9550 @ 2.83GHz,29.98,95.0,2008-11-01,LGA775,Desktop,2830.0,0.0,1,4,1,2098,3892,Intel,Casual / Office,1,0
Intel Core2 Quad Q9650 @ 3.00GHz,54.44,95.0,2008-12-01,LGA775,Desktop,3000.0,0.0,1,4,1,2019,1653,Intel,Gaming,1,2
Intel Pentium 2020M @ 2.40GHz,134.0,35.0,2013-02-01,FCPGA988,Laptop,2400.0,0.0,1,2,1,2653,805,Intel,Casual / Office,1,0
Intel Pentium 2030M @ 2.50GHz,134.0,35.0,2013-10-01,FCPGA988,Laptop,2500.0,0.0,1,2,1,2644,77,Intel,Casual / Office,1,0
Intel Pentium 2117U @ 1.80GHz,134.0,17.0,2013-03-01,FCBGA1023,Laptop,1800.0,0.0,1,2,1,2970,408,Intel,Casual / Office,1,0
Intel Pentium 2127U @ 1.90GHz,134.0,17.0,2013-08-01,FCBGA1023,Laptop,1900.0,0.0,1,2,1,2962,153,Intel,Casual / Office,1,0
Intel Pentium 2129Y @ 1.10GHz,134.0,10.0,2014-01-01,FCBGA1023,Laptop,1100.0,0.0,1,2,1,3407,17,Intel,Casual / Office,1,0
Intel Pentium 3550M @ 2.30GHz,215.92,37.0,2014-02-01,FCPGA946,Laptop,2300.0,0.0,1,2,1,2670,72,Intel,Casual / Office,1,0
Intel Pentium 4 1700MHz,99.99,64.0,2009-03-01,PGA423,Desktop,1700.0,0.0,1,1,1,3997,5,Intel,Casual / Office,1,0
Intel Pentium 4410Y @ 1.50GHz,161.0,6.0,2017-11-01,FCBGA1515,Laptop,1500.0,0.0,1,2,2,2609,8,Intel,Casual / Office,1,0
Intel Pentium 4415Y @ 1.60GHz,161.0,6.0,2018-08-01,FCBGA1515,Laptop,1600.0,0.0,1,2,2,2511,175,Intel,Casual / Office,1,0
Intel Pentium 4417U @ 2.30GHz,161.0,15.0,2019-03-01,FCBGA1356,Laptop,2300.0,0.0,1,2,2,2110,83,Intel,Casual / Office,1,0
Intel Pentium 4425Y @ 1.70GHz,161.0,6.0,2020-07-01,FCBGA1515,Laptop,1700.0,0.0,1,2,2,2424,30,Intel,Casual / Office,1,0
Intel Pentium 5405U @ 2.30GHz,161.0,15.0,2019-04-01,FCBGA1528,Laptop,2300.0,0.0,1,2,2,2118,88,Intel,Casual / Office,1,0
Intel Pentium 6405U @ 2.40GHz,161.0,15.0,2020-05-01,FCBGA1528,Laptop,2400.0,0.0,1,2,2,2041,36,Intel,Casual / Office,1,0
Intel Pentium 6805 @ 1.10GHz,161.0,15.0,2021-07-01,FCBGA1526,Laptop,1100.0,3000.0,1,2,2,1419,5,Intel,Casual / Office,1,0
Intel Pentium 957 @ 1.20GHz,134.0,17.0,2011-08-01,FCBGA1023,Laptop,1200.0,0.0,1,2,1,3370,3,Intel,Casual / Office,1,0
Intel Pentium B940 @ 2.00GHz,68.32,35.0,2011-06-01,PGA988,Laptop,2000.0,0.0,1,2,1,3119,416,Intel,Casual / Office,1,0
Intel Pentium B960 @ 2.20GHz,38.68,35.0,2012-01-01,PGA988,Laptop,2200.0,0.0,1,2,1,3056,1358,Intel,Casual / Office,1,0
Intel Pentium B970 @ 2.30GHz,50.99,35.0,2012-07-01,PGA988,Laptop,2300.0,0.0,1,2,1,2890,365,Intel,Casual / Office,1,0
Intel Pentium B980 @ 2.40GHz,35.81,35.0,2012-12-01,FCPGA988,Laptop,2400.0,0.0,1,2,1,2938,387,Intel,Casual / Office,1,0
Intel Pentium D1508 @ 2.20GHz,129.0,25.0,2017-12-01,FCBGA1667,Server,2200.0,2600.0,1,2,2,1709,2,Intel,Server,1,3
Intel Pentium E2140 @ 1.60GHz,54.48,65.0,2008-11-01,"LGA775, PLGA775",Desktop,1600.0,0.0,1,2,1,3454,350,Intel,Casual / Office,1,0
Intel Pentium E2160 @ 1.80GHz,89.0,65.0,2008-12-01,LGA775,Desktop,1800.0,0.0,1,2,1,3353,585,Intel,Casual / Office,1,0
Intel Pentium E2180 @ 2.00GHz,19.5,65.0,2008-11-01,LGA775,Desktop,2000.0,0.0,1,2,1,3321,847,Intel,Casual / Office,1,0
Intel Pentium E2200 @ 2.20GHz,54.0,65.0,2009-01-01,LGA775,Desktop,2200.0,0.0,1,2,1,3257,757,Intel,Casual / Office,1,0
Intel Pentium E2220 @ 2.40GHz,39.99,65.0,2009-01-01,LGA775,Desktop,2400.0,0.0,1,2,1,3177,342,Intel,Casual / Office,1,0
Intel Pentium E5200 @ 2.50GHz,49.94,65.0,2009-05-01,LGA775,Desktop,2500.0,0.0,1,2,1,3100,1561,Intel,Casual / Office,1,0
Intel Pentium E5300 @ 2.60GHz,59.49,65.0,2009-04-01,LGA775,Desktop,2600.0,0.0,1,2,1,3078,1472,Intel,Casual / Office,1,0
Intel Pentium E5400 @ 2.70GHz,72.1,65.0,2009-04-01,LGA775,Desktop,2700.0,0.0,1,2,1,3041,1067,Intel,Casual / Office,1,0
Intel Pentium E5500 @ 2.80GHz,15.99,65.0,2010-06-01,LGA775,Desktop,2800.0,0.0,1,2,1,2974,576,Intel,Casual / Office,1,0
Intel Pentium E5700 @ 3.00GHz,34.99,65.0,2010-09-01,LGA775,Desktop,3000.0,0.0,1,2,1,2935,1314,Intel,Casual / Office,1,0
Intel Pentium E5800 @ 3.20GHz,92.19,65.0,2012-01-01,LGA775,Desktop,3200.0,0.0,1,2,1,2847,713,Intel,Casual / Office,1,0
Intel Pentium E6300 @ 2.80GHz,41.85,65.0,2009-06-01,LGA775,Desktop,2800.0,0.0,1,2,1,2956,344,Intel,Casual / Office,1,0
Intel Pentium E6500 @ 2.93GHz,95.71,65.0,2009-11-01,LGA775,Desktop,2930.0,0.0,1,2,1,2862,504,Intel,Casual / Office,1,0
Intel Pentium E6600 @ 3.06GHz,37.5,65.0,2010-11-01,LGA775,Desktop,3060.0,0.0,1,2,1,2884,448,Intel,Casual / Office,1,0
Intel Pentium E6700 @ 3.20GHz,140.19,65.0,2010-07-01,LGA775,Desktop,3200.0,0.0,1,2,1,2780,455,Intel,Casual / Office,1,0
Intel Pentium E6800 @ 3.33GHz,24.95,65.0,2010-10-01,LGA775,Desktop,3330.0,0.0,1,2,1,2823,84,Intel,Casual / Office,1,0
Intel Pentium Extreme Edition 955 @ 3.46GHz,31.23,130.0,2009-04-01,PLGA775,Desktop,3460.0,0.0,1,2,2,3536,15,Intel,Casual / Office,1,0
Intel Pentium G2010 @ 2.80GHz,22.97,55.0,2013-02-01,FCLGA1155,Desktop,2800.0,0.0,1,2,1,2516,193,Intel,Casual / Office,1,0
Intel Pentium G2020 @ 2.90GHz,50.0,55.0,2013-01-01,FCLGA1155,Desktop,2900.0,0.0,1,2,1,2460,948,Intel,Casual / Office,1,0
Intel Pentium G2020T @ 2.50GHz,47.6,35.0,2013-01-01,FCLGA1155,Desktop,2500.0,0.0,1,2,1,2680,50,Intel,Casual / Office,1,0
Intel Pentium G2030 @ 3.00GHz,23.99,55.0,2013-07-01,FCLGA1155,Desktop,3000.0,0.0,1,2,1,2434,1030,Intel,Casual / Office,1,0
Intel Pentium G2030T @ 2.60GHz,130.5,35.0,2014-01-01,LGA1155,Desktop,2600.0,0.0,1,2,1,2515,31,Intel,Casual / Office,1,0
Intel Pentium G2120 @ 3.10GHz,59.99,55.0,2012-10-01,FCLGA1155,Desktop,3100.0,0.0,1,2,1,2325,219,Intel,Casual / Office,1,0
Intel Pentium G2130 @ 3.20GHz,43.64,55.0,2013-02-01,FCLGA1155,Desktop,3200.0,0.0,1,2,1,2314,199,Intel,Casual / Office,1,0
Intel Pentium G2140 @ 3.30GHz,45.0,55.0,2014-01-01,LGA1155,Desktop,3300.0,0.0,1,2,1,2202,11,Intel,Casual / Office,1,0
Intel Pentium G3220 @ 3.00GHz,64.16,54.0,2013-09-01,FCLGA1150,Desktop,3000.0,0.0,1,2,1,2331,1482,Intel,Casual / Office,1,0
Intel Pentium G3220T @ 2.60GHz,69.95,35.0,2014-03-01,LGA1150,Desktop,2600.0,0.0,1,2,1,2503,80,Intel,Casual / Office,1,0
Intel Pentium G3240 @ 3.10GHz,50.19,53.0,2014-05-01,FCLGA1150,Desktop,3100.0,0.0,1,2,1,2288,498,Intel,Casual / Office,1,0
Intel Pentium G3250 @ 3.20GHz,64.19,53.0,2014-09-01,LGA1150,Desktop,3200.0,0.0,1,2,1,2275,501,Intel,Casual / Office,1,0
Intel Pentium G3250T @ 2.80GHz,49.99,35.0,2015-01-01,LGA1150,Desktop,2800.0,0.0,1,2,1,2417,50,Intel,Casual / Office,1,0
Intel Pentium G3258 @ 3.20GHz,54.19,53.0,2014-06-01,FCLGA1150,Desktop,3200.0,0.0,1,2,1,2217,2531,Intel,Casual / Office,1,0
Intel Pentium G3260 @ 3.30GHz,57.59,53.0,2015-05-01,LGA1150,Desktop,3300.0,0.0,1,2,1,2225,400,Intel,Casual / Office,1,0
Intel Pentium G3260T @ 2.90GHz,49.99,35.0,2015-08-01,LGA1150,Desktop,2900.0,0.0,1,2,1,2410,12,Intel,Casual / Office,1,0
Intel Pentium G3420 @ 3.20GHz,44.0,54.0,2013-09-01,FCLGA1150,Desktop,3200.0,0.0,1,2,1,2272,572,Intel,Casual / Office,1,0
Intel Pentium G3420T @ 2.70GHz,159.99,35.0,2014-09-01,LGA1150,Desktop,2700.0,0.0,1,2,1,2307,5,Intel,Casual / Office,1,0
Intel Pentium G3430 @ 3.30GHz,73.1,54.0,2013-10-01,FCLGA1150,Desktop,3300.0,0.0,1,2,1,2183,44,Intel,Casual / Office,1,0
Intel Pentium G3440 @ 3.30GHz,149.99,53.0,2014-07-01,LGA1150,Desktop,3300.0,0.0,1,2,1,2182,48,Intel,Casual / Office,1,0
Intel Pentium G3450 @ 3.40GHz,53.9,53.0,2014-07-01,FCLGA1150,Desktop,3400.0,0.0,1,2,1,2176,108,Intel,Casual / Office,1,0
Intel Pentium G3460 @ 3.50GHz,124.0,53.0,2014-09-01,LGA1150,Desktop,3500.0,0.0,1,2,1,2155,68,Intel,Casual / Office,1,0
Intel Pentium G3470 @ 3.60GHz,309.73,53.0,2015-05-01,LGA1150,Desktop,3600.0,0.0,1,2,1,2022,18,Intel,Casual / Office,1,0
Intel Pentium G4400 @ 3.30GHz,55.95,54.0,2015-10-01,FCLGA1151,Desktop,3300.0,0.0,1,2,1,1951,1212,Intel,Casual / Office,1,0
Intel Pentium G4400TE @ 2.40GHz,64.0,35.0,2018-06-01,FCLGA1151,Laptop,2400.0,0.0,1,2,1,2156,1,Intel,Casual / Office,1,0
Intel Pentium G4500 @ 3.50GHz,166.67,51.0,2015-10-01,FCLGA1151,Desktop,3500.0,0.0,1,2,1,1887,194,Intel,Casual / Office,1,0
Intel Pentium G4520 @ 3.60GHz,100.18,51.0,2015-11-01,FCLGA1151,Desktop,3600.0,0.0,1,2,1,1816,50,Intel,Casual / Office,1,0
Intel Pentium G4560 @ 3.50GHz,63.6,54.0,2017-01-01,FCLGA1151,Desktop,3500.0,0.0,1,2,2,1619,2011,Intel,Casual / Office,1,0
Intel Pentium G4560T @ 2.90GHz,124.65,35.0,2017-03-01,FCLGA1151,Desktop,2900.0,0.0,1,2,2,1833,25,Intel,Casual / Office,1,0
Intel Pentium G4600 @ 3.60GHz,59.99,51.0,2017-01-01,FCLGA1151,Desktop,3600.0,0.0,1,2,2,1595,477,Intel,Casual / Office,1,0
Intel Pentium G4600T @ 3.00GHz,117.99,35.0,2017-04-01,FCLGA1151,Desktop,3000.0,0.0,1,2,2,1748,14,Intel,Casual / Office,1,0
Intel Pentium G4620 @ 3.70GHz,128.0,51.0,2017-01-01,FCLGA1151,Desktop,3700.0,0.0,1,2,2,1558,115,Intel,Casual / Office,1,0
Intel Pentium G620 @ 2.60GHz,11.97,65.0,2011-05-01,LGA1155,Desktop,2600.0,0.0,1,2,1,2774,926,Intel,Casual / Office,1,0
Intel Pentium G620T @ 2.20GHz,19.99,35.0,2011-07-01,LGA1155,Desktop,2200.0,0.0,1,2,1,3076,22,Intel,Casual / Office,1,0
Intel Pentium G630 @ 2.70GHz,60.0,65.0,2011-11-01,LGA1155,Desktop,2700.0,0.0,1,2,1,2723,756,Intel,Casual / Office,1,0
Intel Pentium G630T @ 2.30GHz,84.07,35.0,2011-10-01,LGA1155,Desktop,2300.0,0.0,1,2,1,2957,27,Intel,Casual / Office,1,0
Intel Pentium G640 @ 2.80GHz,30.0,65.0,2012-07-01,LGA1155,Desktop,2800.0,0.0,1,2,1,2709,217,Intel,Casual / Office,1,0
Intel Pentium G640T @ 2.40GHz,84.88,35.0,2012-01-01,LGA1155,Desktop,2400.0,0.0,1,2,1,2852,14,Intel,Casual / Office,1,0
Intel Pentium G645 @ 2.90GHz,93.35,65.0,2012-01-01,LGA1155,Desktop,2900.0,0.0,1,2,1,2678,369,Intel,Casual / Office,1,0
Intel Pentium G6950 @ 2.80GHz,79.0,73.0,2010-01-01,LGA1156,Desktop,2800.0,0.0,1,2,1,2924,80,Intel,Casual / Office,1,0
Intel Pentium G6951 @ 2.80GHz,74.0,73.0,2011-01-01,LGA1156,Desktop,2800.0,0.0,1,2,1,2652,6,Intel,Casual / Office,1,0
Intel Pentium G840 @ 2.80GHz,57.64,65.0,2011-06-01,FCLGA1155,Desktop,2800.0,0.0,1,2,1,2821,215,Intel,Casual / Office,1,0
Intel Pentium G850 @ 2.90GHz,101.95,65.0,2011-05-01,FCLGA1155,Desktop,2900.0,0.0,1,2,1,2654,255,Intel,Casual / Office,1,0
Intel Pentium G860 @ 3.00GHz,72.99,65.0,2011-11-01,FCLGA1155,Desktop,3000.0,0.0,1,2,1,2617,422,Intel,Casual / Office,1,0
Intel Pentium G870 @ 3.10GHz,77.0,65.0,2012-09-01,FCLGA1155,Desktop,3100.0,0.0,1,2,1,2577,79,Intel,Casual / Office,1,0
Intel Pentium Gold G5400 @ 3.70GHz,99.0,54.0,2018-04-01,FCLGA1151-2,Desktop,3700.0,0.0,1,2,2,1570,358,Intel,Casual / Office,1,0
Intel Pentium Gold G5400T @ 3.10GHz,94.95,35.0,2018-10-01,FCLGA1151-2,Server,3100.0,0.0,1,2,2,1729,8,Intel,Server,1,3
Intel Pentium Gold G5420 @ 3.80GHz,99.8,54.0,2019-06-01,FCLGA1151-2,Desktop,3800.0,0.0,1,2,2,1597,47,Intel,Casual / Office,1,0
Intel Pentium Gold G5420T @ 3.20GHz,64.0,35.0,2019-10-01,FCLGA1151-2,Desktop,3200.0,0.0,1,2,2,1623,6,Intel,Casual / Office,1,0
Intel Pentium Gold G5500 @ 3.80GHz,90.88,54.0,2018-05-01,FCLGA1151-2,Desktop,3800.0,0.0,1,2,2,1549,45,Intel,Casual / Office,1,0
Intel Pentium Gold G5500T @ 3.20GHz,75.0,35.0,2018-05-01,FCLGA1151-2,Desktop,3200.0,0.0,1,2,2,1699,8,Intel,Casual / Office,1,0
Intel Pentium Gold G5600 @ 3.90GHz,117.69,54.0,2018-05-01,FCLGA1151-2,Desktop,3900.0,0.0,1,2,2,1584,43,Intel,Casual / Office,1,0
Intel Pentium Gold G5600F @ 3.90GHz,74.95,54.0,2019-10-01,FCLGA1151-2,Desktop,3900.0,0.0,1,2,2,1476,2,Intel,Casual / Office,1,0
Intel Pentium Gold G5620 @ 4.00GHz,120.0,54.0,2019-12-01,FCLGA1151-2,Desktop,4000.0,0.0,1,2,2,1490,2,Intel,Casual / Office,1,0
Intel Pentium Gold G6400 @ 4.00GHz,68.99,58.0,2020-07-01,FCLGA1200,Desktop,4000.0,0.0,1,2,2,1484,117,Intel,Casual / Office,1,0
Intel Pentium Gold G6400T @ 3.40GHz,64.0,35.0,2021-04-01,FCLGA1200,Desktop,3400.0,0.0,1,2,2,1602,5,Intel,Casual / Office,1,0
Intel Pentium Gold G6405 @ 4.10GHz,59.0,58.0,2021-06-01,FCLGA1200,Desktop,4100.0,0.0,1,2,2,1453,81,Intel,Casual / Office,1,0
Intel Pentium Gold G6405T @ 3.50GHz,64.0,35.0,2021-06-01,FCLGA1200,Desktop,3500.0,0.0,1,2,2,1568,1,Intel,Casual / Office,1,0
Intel Pentium Gold G6500 @ 4.10GHz,89.99,58.0,2020-10-01,FCLGA1200,Desktop,4100.0,0.0,1,2,2,1480,7,Intel,Casual / Office,1,0
Intel Pentium Gold G6500T @ 3.50GHz,75.0,35.0,2021-03-01,FCLGA1200,Desktop,3500.0,0.0,1,2,2,1513,2,Intel,Casual / Office,1,0
Intel Pentium Gold G6505 @ 4.20GHz,75.0,58.0,2021-08-01,FCLGA1200,Desktop,4200.0,0.0,1,2,2,1434,1,Intel,Casual / Office,1,0
Intel Pentium Gold G6600 @ 4.20GHz,130.42,58.0,2021-03-01,FCLGA1200,Desktop,4200.0,0.0,1,2,2,1430,2,Intel,Casual / Office,1,0
Intel Pentium Gold G6605 @ 4.30GHz,164.99,58.0,2021-07-01,FCLGA1200,Desktop,4300.0,0.0,1,2,2,1407,12,Intel,Casual / Office,1,0
Intel Pentium Gold G7400,79.99,46.0,2022-02-01,"LGA1700,BGA1700",Desktop,3700.0,0.0,1,2,2,1064,34,Intel,Casual / Office,1,0
Intel Pentium Gold G7400T,64.0,35.0,2022-06-01,Unknown,Desktop,3100.0,0.0,1,2,2,1191,1,Intel,Casual / Office,1,0
Intel Pentium J6426 @ 2.00GHz,80.0,10.0,2022-02-01,FCBGA1493,Mobile/Embedded,2000.0,3000.0,1,4,1,1473,3,Intel,Casual / Office,1,0
Intel Pentium N3540 @ 2.16GHz,250.87,7.5,2014-10-01,FCBGA1170,Laptop,2160.0,2660.0,1,4,1,2784,1157,Intel,Casual / Office,1,0
Intel Pentium N3700 @ 1.60GHz,444.78,6.0,2015-04-01,FCBGA1170,Laptop,1600.0,2400.0,1,4,1,2753,803,Intel,Casual / Office,1,0
Intel Pentium N4200 @ 1.10GHz,228.71,6.0,2016-11-01,FCBGA1296,Laptop,1100.0,2500.0,1,4,1,2167,601,Intel,Casual / Office,1,0
Intel Pentium N6415 @ 1.20GHz,80.0,6.5,2021-04-01,FCBGA1493,Mobile/Embedded,1200.0,3000.0,1,4,1,1562,1,Intel,Casual / Office,1,0
Intel Pentium P6100 @ 2.00GHz,28.44,35.0,2010-09-01,PGA988,Laptop,2000.0,0.0,1,2,1,3109,809,Intel,Casual / Office,1,0
Intel Pentium P6200 @ 2.13GHz,24.95,35.0,2010-12-01,PGA988,Laptop,2130.0,0.0,1,2,1,3104,879,Intel,Casual / Office,1,0
Intel Pentium Silver J5005 @ 1.50GHz,521.99,10.0,2017-12-01,FCBGA1090,Desktop,1500.0,2800.0,1,4,1,1775,215,Intel,Casual / Office,1,0
Intel Pentium Silver N5000 @ 1.10GHz,161.0,6.0,2018-03-01,FCBGA1090,Laptop,1100.0,2700.0,1,4,1,1955,456,Intel,Casual / Office,1,0
Intel Pentium T2080 @ 1.73GHz,149.95,31.0,2008-12-01,PGA478,Laptop,1730.0,0.0,1,2,1,3659,113,Intel,Casual / Office,1,0
Intel Pentium T2330 @ 1.60GHz,149.95,35.0,2009-02-01,PPGA478,Laptop,1600.0,0.0,1,2,1,3475,150,Intel,Casual / Office,1,0
Intel Pentium T2370 @ 1.73GHz,25.0,35.0,2008-12-01,PPGA478,Laptop,1730.0,0.0,1,2,1,3450,147,Intel,Casual / Office,1,0
Intel Pentium T3200 @ 2.00GHz,12.0,35.0,2009-02-01,PPGA478,Laptop,2000.0,0.0,1,2,1,3360,351,Intel,Casual / Office,1,0
Intel Pentium T3400 @ 2.16GHz,79.95,35.0,2009-02-01,PPGA478,Laptop,2160.0,0.0,1,2,1,3346,427,Intel,Casual / Office,1,0
Intel Pentium T4200 @ 2.00GHz,98.95,35.0,2009-03-01,PGA478,Laptop,2000.0,0.0,1,2,1,3267,809,Intel,Casual / Office,1,0
Intel Pentium T4300 @ 2.10GHz,98.95,35.0,2009-08-01,PGA478,Laptop,2100.0,0.0,1,2,1,3208,862,Intel,Casual / Office,1,0
Intel Pentium T4400 @ 2.20GHz,109.95,35.0,2011-12-01,PGA478,Laptop,2200.0,0.0,1,2,1,3226,900,Intel,Casual / Office,1,0
Intel Pentium T4500 @ 2.30GHz,29.95,35.0,2010-02-01,PGA478,Laptop,2300.0,0.0,1,2,1,3165,995,Intel,Casual / Office,1,0
Intel T1400 @ 1.73GHz,15.0,0.0,2009-03-01,Unknown,Unknown,1730.0,0.0,1,2,1,3526,16,Intel,Casual / Office,1,0
Intel Xeon 2.40GHz,9.1,0.0,2009-03-01,Unknown,Server,2400.0,0.0,1,1,2,3903,3,Intel,Server,1,3
Intel Xeon 3.60GHz,851.0,110.0,2009-03-01,PPGA604,Server,3600.0,0.0,1,1,2,3595,6,Intel,Server,1,3
Intel Xeon 3.80GHz,851.0,110.0,2009-04-01,PPGA604,Server,3800.0,0.0,1,1,2,3614,2,Intel,Server,1,3
Intel Xeon 3040 @ 1.86GHz,25.04,65.0,2009-11-01,LGA775,Server,1860.0,0.0,1,2,1,3187,8,Intel,Server,1,3
Intel Xeon 3050 @ 2.13GHz,157.95,65.0,2009-02-01,LGA775,Server,2130.0,0.0,1,2,1,3126,13,Intel,Server,1,3
Intel Xeon 3060 @ 2.40GHz,22.99,65.0,2009-07-01,LGA775,Server,2400.0,0.0,1,2,1,3037,9,Intel,Server,1,3
Intel Xeon 3065 @ 2.33GHz,20.9,65.0,2009-05-01,LGA775,Server,2330.0,0.0,1,2,1,3098,10,Intel,Server,1,3
Intel Xeon 3070 @ 2.66GHz,28.65,65.0,2010-05-01,LGA775,Server,2660.0,0.0,1,2,1,2960,12,Intel,Server,1,3
Intel Xeon 3075 @ 2.66GHz,349.95,0.0,2011-02-01,Unknown,Server,2660.0,0.0,1,2,1,2891,3,Intel,Server,1,3
Intel Xeon 5110 @ 1.60GHz,35.0,65.0,2009-03-01,LGA771,Server,1600.0,0.0,1,2,1,3387,19,Intel,Server,1,3
Intel Xeon 5120 @ 1.86GHz,1015.0,65.0,2009-03-01,LGA771,Server,1860.0,0.0,1,2,1,3217,8,Intel,Server,1,3
Intel Xeon 5130 @ 2.00GHz,48.99,65.0,2009-02-01,LGA771,Server,2000.0,0.0,1,2,1,3183,38,Intel,Server,1,3
Intel Xeon 5140 @ 2.33GHz,36.99,65.0,2009-03-01,LGA771,Server,2330.0,0.0,1,2,1,3111,24,Intel,Server,1,3
Intel Xeon 5148 @ 2.33GHz,20.0,40.0,2010-01-01,LGA771,Server,2330.0,0.0,1,2,1,3063,4,Intel,Server,1,3
Intel Xeon 5150 @ 2.66GHz,30.99,65.0,2009-02-01,LGA771,Server,2660.0,0.0,1,2,1,3128,44,Intel,Server,1,3
Intel Xeon 5160 @ 3.00GHz,43.5,80.0,2009-02-01,LGA771,Server,3000.0,0.0,1,2,1,3016,97,Intel,Server,1,3
Intel Xeon Bronze 3104 @ 1.70GHz,199.0,85.0,2018-01-01,FCLGA3647,Server,1700.0,0.0,1,6,1,1397,16,Intel,Server,1,3
Intel Xeon Bronze 3106 @ 1.70GHz,484.28,85.0,2018-04-01,FCLGA3647,Server,1700.0,0.0,1,8,1,1209,7,Intel,Server,1,3
Intel Xeon Bronze 3204 @ 1.90GHz,258.99,85.0,2020-01-01,FCLGA3647,Server,1900.0,0.0,1,6,1,1363,5,Intel,Server,1,3
Intel Xeon D-1527 @ 2.20GHz,213.0,35.0,2020-07-01,FCBGA1667,Server,2200.0,2700.0,1,4,2,1374,1,Intel,Server,1,3
Intel Xeon D-1531 @ 2.20GHz,348.0,45.0,2017-10-01,FCBGA1667,Server,2200.0,2700.0,1,6,2,955,7,Intel,Server,1,3
Intel Xeon D-1537 @ 1.70GHz,571.0,35.0,2018-04-01,FCBGA1667,Server,1700.0,2300.0,1,8,2,994,2,Intel,Server,1,3
Intel Xeon D-1539 @ 1.60GHz,486.0,35.0,2019-09-01,FCBGA1667,Server,1600.0,2200.0,1,8,2,995,1,Intel,Server,1,3
Intel Xeon D-1548 @ 2.00GHz,555.0,45.0,2019-04-01,FCBGA1667,Server,2000.0,2600.0,1,8,2,816,2,Intel,Server,1,3
Intel Xeon D-1557 @ 1.50GHz,694.0,45.0,2019-08-01,FCBGA1667,Server,1500.0,2100.0,1,12,2,1001,1,Intel,Server,1,3
Intel Xeon D-1602 @ 2.50GHz,106.0,27.0,2020-12-01,FCBGA1667,Server,2500.0,3200.0,1,2,2,2005,2,Intel,Server,1,3
Intel Xeon D-1622 @ 2.60GHz,170.0,40.0,2021-04-01,FCBGA1667,Server,2600.0,3200.0,1,4,2,1135,2,Intel,Server,1,3
Intel Xeon D-1715TER @ 2.40GHz,285.0,50.0,2022-04-01,FCBGA2227,Server,2400.0,3500.0,1,4,2,814,2,Intel,Server,1,3
Intel Xeon D-1718T @ 2.60GHz,314.0,46.0,2022-11-01,FCBGA2227,Server,2600.0,3500.0,1,4,2,776,2,Intel,Server,1,3
Intel Xeon D-1732TE @ 1.90GHz,759.0,52.0,2022-11-01,FCBGA2227,Server,1900.0,3000.0,1,8,2,552,1,Intel,Server,1,3
Intel Xeon D-1733NT @ 2.00GHz,720.0,53.0,2022-05-01,FCBGA2227,Server,2000.0,3100.0,1,8,2,518,2,Intel,Server,1,3
Intel Xeon D-2123IT @ 2.20GHz,213.0,60.0,2018-09-01,FCBGA2518,Server,2200.0,3000.0,1,4,2,1032,6,Intel,Server,1,3
Intel Xeon D-2141I @ 2.20GHz,555.0,65.0,2019-01-01,FCBGA2518,Server,2200.0,3000.0,1,8,2,646,3,Intel,Server,1,3
Intel Xeon D-2143IT @ 2.20GHz,566.0,65.0,2018-08-01,FCBGA2518,Server,2200.0,3000.0,1,8,2,608,1,Intel,Server,1,3
Intel Xeon D-2146NT @ 2.30GHz,641.0,80.0,2019-08-01,FCBGA2518,Server,2300.0,3000.0,1,8,2,660,6,Intel,Server,1,3
Intel Xeon D-2166NT @ 2.00GHz,1005.0,85.0,2020-01-01,FCBGA2518,Server,2000.0,3000.0,1,12,2,507,2,Intel,Server,1,3
Intel Xeon D-2733NT @ 2.10GHz,800.0,80.0,2022-05-01,FCBGA2579,Server,2100.0,3200.0,1,8,2,480,3,Intel,Server,1,3
Intel Xeon E-2104G @ 3.20GHz,510.0,65.0,2018-10-01,FCLGA1151-2,Server,3200.0,0.0,1,4,1,1164,3,Intel,Server,1,3
Intel Xeon E-2124 @ 3.30GHz,229.99,71.0,2019-04-01,FCLGA1151-2,Server,3300.0,4300.0,1,4,1,1021,25,Intel,Server,1,3
Intel Xeon E-2124G @ 3.40GHz,256.99,71.0,2018-11-01,FCLGA1151-2,Server,3400.0,4500.0,1,4,1,953,32,Intel,Server,1,3
Intel Xeon E-2126G @ 3.30GHz,321.52,80.0,2018-11-01,FCLGA1151-2,Server,3300.0,4500.0,1,6,1,711,9,Intel,Server,1,3
Intel Xeon E-2134 @ 3.50GHz,286.99,71.0,2019-01-01,FCLGA1151-2,Server,3500.0,4500.0,1,4,2,833,6,Intel,Server,1,3
Intel Xeon E-2136 @ 3.30GHz,341.99,80.0,2018-11-01,FCLGA1151-2,Server,3300.0,4500.0,1,6,2,604,36,Intel,Server,1,3
Intel Xeon E-2144G @ 3.60GHz,335.16,71.0,2019-02-01,FCLGA1151-2,Server,3600.0,4500.0,1,4,2,792,16,Intel,Server,1,3
Intel Xeon E-2146G @ 3.50GHz,381.25,80.0,2018-08-01,FCLGA1151-2,Server,3500.0,4500.0,1,6,2,595,82,Intel,Server,1,3
Intel Xeon E-2174G @ 3.80GHz,379.99,71.0,2018-09-01,FCLGA1151-2,Server,3800.0,4700.0,1,4,2,778,28,Intel,Server,1,3
Intel Xeon E-2176G @ 3.70GHz,369.99,80.0,2018-10-01,FCLGA1151-2,Server,3700.0,4700.0,1,6,2,578,47,Intel,Server,1,3
Intel Xeon E-2176M @ 2.70GHz,450.0,45.0,2018-04-01,FCBGA1440,Laptop,2700.0,4400.0,1,6,2,699,315,Intel,Gaming,1,2
Intel Xeon E-2186G @ 3.80GHz,542.78,95.0,2018-11-01,FCLGA1151-2,Server,3800.0,4700.0,1,6,2,564,28,Intel,Server,1,3
Intel Xeon E-2186M @ 2.90GHz,623.0,45.0,2018-04-01,FCBGA1440,Laptop,2900.0,4800.0,1,6,2,674,155,Intel,Gaming,1,2
Intel Xeon E-2224 @ 3.40GHz,262.01,71.0,2019-07-01,FCLGA1151-2,Server,3400.0,4600.0,1,4,1,983,16,Intel,Server,1,3
Intel Xeon E-2224G @ 3.50GHz,268.02,71.0,2019-07-01,FCLGA1151-2,Server,3500.0,4700.0,1,4,1,935,39,Intel,Server,1,3
Intel Xeon E-2226G @ 3.40GHz,369.11,80.0,2019-10-01,FCLGA1151-2,Server,3400.0,4700.0,1,6,1,694,22,Intel,Server,1,3
Intel Xeon E-2234 @ 3.60GHz,294.99,71.0,2020-10-01,FCLGA1151-2,Server,3600.0,4800.0,1,4,2,760,7,Intel,Server,1,3
Intel Xeon E-2236 @ 3.40GHz,399.95,80.0,2019-11-01,FCLGA1151-2,Server,3400.0,4800.0,1,6,2,549,32,Intel,Server,1,3
Intel Xeon E-2244G @ 3.80GHz,334.73,71.0,2019-10-01,FCLGA1151-2,Server,3800.0,4800.0,1,4,2,770,12,Intel,Server,1,3
Intel Xeon E-2246G @ 3.60GHz,311.0,80.0,2019-08-01,FCLGA1151-2,Server,3600.0,4800.0,1,6,2,558,22,Intel,Server,1,3
Intel Xeon E-2274G @ 4.00GHz,431.54,83.0,2019-10-01,FCLGA1151-2,Server,4000.0,4900.0,1,4,2,774,10,Intel,Server,1,3
Intel Xeon E-2276G @ 3.80GHz,460.29,80.0,2019-11-01,FCLGA1151-2,Server,3800.0,4900.0,1,6,2,582,14,Intel,Server,1,3
Intel Xeon E-2276M @ 2.80GHz,450.0,45.0,2019-07-01,FCBGA1440,Laptop,2800.0,4700.0,1,6,2,659,128,Intel,Gaming,1,2
Intel Xeon E-2276ME @ 2.80GHz,450.0,45.0,2021-07-01,FCBGA1440,"Server, Mobile/Embedded",2800.0,4500.0,1,6,2,887,2,Intel,Server,1,3
Intel Xeon E-2278G @ 3.40GHz,494.0,80.0,2019-11-01,FCLGA1151-2,Server,3400.0,5000.0,1,8,2,446,14,Intel,Server,1,3
Intel Xeon E-2278GE @ 3.30GHz,494.0,80.0,2020-06-01,FCLGA1151-2,Server,3300.0,4700.0,1,8,2,501,2,Intel,Server,1,3
Intel Xeon E-2278GEL @ 2.00GHz,494.0,35.0,2019-11-01,FCLGA1151-2,Server,2000.0,3900.0,1,8,2,651,1,Intel,Server,1,3
Intel Xeon E-2286G @ 4.00GHz,569.93,95.0,2019-10-01,FCLGA1151-2,Server,4000.0,4900.0,1,6,2,575,26,Intel,Server,1,3
Intel Xeon E-2288G @ 3.70GHz,539.0,95.0,2019-09-01,FCLGA1151-2,Server,3700.0,5000.0,1,8,2,427,46,Intel,Server,1,3
Intel Xeon E-2314 @ 2.80GHz,195.0,65.0,2022-01-01,FCLGA1200,Server,2800.0,4500.0,1,4,1,885,6,Intel,Server,1,3
Intel Xeon E-2334 @ 3.40GHz,315.99,65.0,2022-03-01,FCLGA1200,Server,3400.0,4800.0,1,4,2,603,1,Intel,Server,1,3
Intel Xeon E-2336 @ 2.90GHz,359.99,65.0,2022-01-01,FCLGA1200,Server,2900.0,4800.0,1,6,2,444,6,Intel,Server,1,3
Intel Xeon E-2356G @ 3.20GHz,333.0,80.0,2022-01-01,FCLGA1200,Server,3200.0,5000.0,1,6,2,367,10,Intel,Server,1,3
Intel Xeon E-2374G @ 3.70GHz,412.99,80.0,2022-01-01,FCLGA1200,Server,3700.0,5000.0,1,4,2,568,2,Intel,Server,1,3
Intel Xeon E-2378 @ 2.60GHz,386.0,65.0,2022-01-01,FCLGA1200,Server,2600.0,4800.0,1,8,2,409,18,Intel,Server,1,3
Intel Xeon E-2378G @ 2.80GHz,530.0,80.0,2022-07-01,FCLGA1200,Server,2800.0,5100.0,1,8,2,263,3,Intel,Server,1,3
Intel Xeon E-2386G @ 3.50GHz,482.0,95.0,2022-06-01,FCLGA1200,Server,3500.0,5100.0,1,6,2,336,6,Intel,Server,1,3
Intel Xeon E-2388G @ 3.20GHz,539.0,95.0,2021-10-01,FCLGA1200,Server,3200.0,5100.0,1,8,2,229,59,Intel,Server,1,3
Intel Xeon E3-1205 v6 @ 3.00GHz,193.0,65.0,2020-01-01,FCLGA1151,Server,3000.0,0.0,1,4,1,1222,1,Intel,Server,1,3
Intel Xeon E3-1220 @ 3.10GHz,59.95,80.0,2011-08-01,LGA1155,Server,3100.0,3400.0,1,4,1,1534,209,Intel,Server,1,3
Intel Xeon E3-1220 V2 @ 3.10GHz,93.0,69.0,2012-07-01,LGA1155,Server,3100.0,3500.0,1,4,1,1379,270,Intel,Server,1,3
Intel Xeon E3-1220 v3 @ 3.10GHz,44.36,80.0,2011-01-01,LGA1150,Server,3100.0,3400.0,1,4,1,1308,258,Intel,Server,1,3
Intel Xeon E3-1220 v5 @ 3.00GHz,139.39,80.0,2016-01-01,FCLGA1151,Server,3000.0,3500.0,1,4,1,1214,77,Intel,Server,1,3
Intel Xeon E3-1220 v6 @ 3.00GHz,248.08,72.0,2017-11-01,FCLGA1151,Server,3000.0,3500.0,1,4,1,1219,31,Intel,Server,1,3
Intel Xeon E3-1220L V2 @ 2.30GHz,177.66,17.0,2014-03-01,LGA1155,Server,2300.0,3500.0,1,2,2,2007,19,Intel,Server,1,3
Intel Xeon E3-1225 @ 3.10GHz,208.19,95.0,2011-01-01,LGA1155,Server,3100.0,3400.0,1,4,1,1548,274,Intel,Server,1,3
Intel Xeon E3-1225 V2 @ 3.20GHz,225.19,77.0,2012-09-01,LGA1155,Server,3200.0,3600.0,1,4,1,1365,223,Intel,Server,1,3
Intel Xeon E3-1225 v3 @ 3.20GHz,58.11,84.0,2013-06-01,LGA1150,Server,3200.0,3600.0,1,4,1,1285,481,Intel,Server,1,3
Intel Xeon E3-1225 v5 @ 3.30GHz,104.01,80.0,2016-02-01,FCLGA1151,Server,3300.0,3700.0,1,4,1,1180,169,Intel,Server,1,3
Intel Xeon E3-1225 v6 @ 3.30GHz,228.97,73.0,2017-05-01,FCLGA1151,Server,3300.0,3700.0,1,4,1,1114,19,Intel,Server,1,3
Intel Xeon E3-1226 v3 @ 3.30GHz,279.7,84.0,2014-07-01,FCLGA1150,Server,3300.0,3700.0,1,4,1,1244,164,Intel,Server,1,3
Intel Xeon E3-1230 @ 3.20GHz,205.16,80.0,2011-04-01,LGA1155,Server,3200.0,3600.0,1,4,2,1326,281,Intel,Server,1,3
Intel Xeon E3-1230 V2 @ 3.30GHz,59.78,69.0,2012-05-01,LGA1155,Server,3300.0,3700.0,1,4,2,1136,1168,Intel,Server,1,3
Intel Xeon E3-1230 v3 @ 3.30GHz,57.4,80.0,2013-06-01,LGA1150,Server,3300.0,3700.0,1,4,2,1055,812,Intel,Server,1,3
Intel Xeon E3-1230 v5 @ 3.40GHz,138.99,80.0,2016-01-01,FCLGA1151,Server,3400.0,3800.0,1,4,2,904,127,Intel,Server,1,3
Intel Xeon E3-1230 v6 @ 3.50GHz,446.15,72.0,2017-06-01,FCLGA1151,Server,3500.0,3900.0,1,4,2,878,32,Intel,Server,1,3
Intel Xeon E3-1230L v3 @ 1.80GHz,250.0,25.0,2013-12-01,LGA1150,Server,1800.0,2800.0,1,4,2,1297,19,Intel,Server,1,3
Intel Xeon E3-1231 v3 @ 3.40GHz,58.9,80.0,2014-05-01,FCLGA1150,Server,3400.0,3800.0,1,4,2,1017,1558,Intel,Server,1,3
Intel Xeon E3-1235 @ 3.20GHz,219.0,95.0,2011-06-01,LGA1155,Server,3200.0,3600.0,1,4,2,1339,50,Intel,Server,1,3
Intel Xeon E3-1240 @ 3.30GHz,136.0,80.0,2011-05-01,LGA1155,Server,3300.0,3700.0,1,4,2,1270,211,Intel,Server,1,3
Intel Xeon E3-1240 V2 @ 3.40GHz,324.99,69.0,2012-07-01,LGA1155,Server,3400.0,3800.0,1,4,2,1113,559,Intel,Server,1,3
Intel Xeon E3-1240 v3 @ 3.40GHz,62.41,80.0,2013-06-01,LGA1150,Server,3400.0,3800.0,1,4,2,1011,356,Intel,Server,1,3
Intel Xeon E3-1240 v5 @ 3.50GHz,183.49,80.0,2015-11-01,FCLGA1151,Server,3500.0,3900.0,1,4,2,871,170,Intel,Server,1,3
Intel Xeon E3-1240 v6 @ 3.70GHz,498.95,72.0,2017-07-01,FCLGA1151,Server,3700.0,4100.0,1,4,2,838,43,Intel,Server,1,3
Intel Xeon E3-1240L v3 @ 2.00GHz,895.5,25.0,2015-02-01,FCLGA1150,Server,2000.0,3000.0,1,4,2,1281,20,Intel,Server,1,3
Intel Xeon E3-1240L v5 @ 2.10GHz,278.0,25.0,2017-09-01,FCLGA1151,Server,2100.0,3200.0,1,4,2,1140,6,Intel,Server,1,3
Intel Xeon E3-1241 v3 @ 3.50GHz,79.99,80.0,2014-09-01,LGA1150,Server,3500.0,3900.0,1,4,2,1000,378,Intel,Server,1,3
Intel Xeon E3-1245 @ 3.30GHz,245.0,95.0,2011-05-01,LGA1155,Server,3300.0,3700.0,1,4,2,1276,252,Intel,Server,1,3
Intel Xeon E3-1245 V2 @ 3.40GHz,367.5,77.0,2012-05-01,LGA1155,Server,3400.0,3800.0,1,4,2,1109,271,Intel,Server,1,3
Intel Xeon E3-1245 v3 @ 3.40GHz,299.0,84.0,2013-06-01,LGA1150,Server,3400.0,3800.0,1,4,2,1016,291,Intel,Server,1,3
Intel Xeon E3-1245 v5 @ 3.50GHz,356.84,80.0,2015-12-01,FCLGA1151,Server,3500.0,3900.0,1,4,2,903,160,Intel,Server,1,3
Intel Xeon E3-1245 v6 @ 3.70GHz,496.3,73.0,2017-06-01,FCLGA1151,Server,3700.0,4100.0,1,4,2,842,46,Intel,Server,1,3
Intel Xeon E3-1246 v3 @ 3.50GHz,353.31,84.0,2014-06-01,FCLGA1150,Server,3500.0,3900.0,1,4,2,984,318,Intel,Server,1,3
Intel Xeon E3-1260L @ 2.40GHz,269.99,45.0,2011-07-01,LGA1155,Server,2400.0,3300.0,1,4,2,1503,33,Intel,Server,1,3
Intel Xeon E3-1260L v5 @ 2.90GHz,258.7,45.0,2016-06-01,FCLGA1151,Server,2900.0,3900.0,1,4,2,884,22,Intel,Server,1,3
Intel Xeon E3-1265L @ 2.40GHz,268.98,45.0,2015-07-01,LGA1155,Server,2400.0,3300.0,1,4,2,1734,14,Intel,Server,1,3
Intel Xeon E3-1265L V2 @ 2.50GHz,214.99,45.0,2012-09-01,LGA1155,Server,2500.0,3500.0,1,4,2,1353,48,Intel,Server,1,3
Intel Xeon E3-1265L v3 @ 2.50GHz,997.0,45.0,2012-01-01,FCLGA1150,Server,2500.0,3700.0,1,4,2,1143,86,Intel,Server,1,3
Intel Xeon E3-1268L v5 @ 2.40GHz,456.54,35.0,2018-03-01,FCLGA1151,"Laptop, Server",2400.0,3400.0,1,4,2,1156,3,Intel,Server,1,3
Intel Xeon E3-1270 @ 3.40GHz,195.0,80.0,2011-06-01,LGA1155,Server,3400.0,3800.0,1,4,2,1265,265,Intel,Server,1,3
Intel Xeon E3-1270 V2 @ 3.50GHz,269.0,69.0,2012-07-01,LGA1155,Server,3500.0,3900.0,1,4,2,1094,369,Intel,Server,1,3
Intel Xeon E3-1270 v3 @ 3.50GHz,128.99,80.0,2013-06-01,LGA1150,Server,3500.0,3900.0,1,4,2,975,171,Intel,Server,1,3
Intel Xeon E3-1270 v5 @ 3.60GHz,194.58,80.0,2015-11-01,FCLGA1151,Server,3600.0,4000.0,1,4,2,874,122,Intel,Server,1,3
Intel Xeon E3-1270 v6 @ 3.80GHz,315.08,72.0,2017-05-01,FCLGA1151,Server,3800.0,4200.0,1,4,2,829,61,Intel,Server,1,3
Intel Xeon E3-1271 v3 @ 3.60GHz,259.99,80.0,2014-08-01,FCLGA1150,Server,3600.0,4000.0,1,4,2,946,186,Intel,Server,1,3
Intel Xeon E3-1275 @ 3.40GHz,160.0,95.0,2011-04-01,LGA1155,Server,3400.0,3800.0,1,4,2,1257,111,Intel,Server,1,3
Intel Xeon E3-1275 V2 @ 3.50GHz,374.0,77.0,2012-04-01,LGA1155,Server,3500.0,3900.0,1,4,2,1071,92,Intel,Server,1,3
Intel Xeon E3-1275 v3 @ 3.50GHz,186.14,95.0,2013-06-01,LGA1150,Server,3500.0,3900.0,1,4,2,990,68,Intel,Server,1,3
Intel Xeon E3-1275 v5 @ 3.60GHz,224.89,80.0,2015-12-01,FCLGA1151,Server,3600.0,4000.0,1,4,2,856,88,Intel,Server,1,3
Intel Xeon E3-1275 v6 @ 3.80GHz,396.12,73.0,2017-05-01,FCLGA1151,Server,3800.0,4200.0,1,4,2,804,48,Intel,Server,1,3
Intel Xeon E3-1276 v3 @ 3.60GHz,430.65,84.0,2014-06-01,FCLGA1150,Server,3600.0,4000.0,1,4,2,973,70,Intel,Server,1,3
Intel Xeon E3-1280 @ 3.50GHz,358.0,95.0,2011-06-01,LGA1155,Server,3500.0,3900.0,1,4,2,1232,76,Intel,Server,1,3
Intel Xeon E3-1280 V2 @ 3.60GHz,388.19,69.0,2012-05-01,LGA1155,Server,3600.0,4000.0,1,4,2,1082,77,Intel,Server,1,3
Intel Xeon E3-1280 v3 @ 3.60GHz,249.0,82.0,2013-06-01,LGA1150,Server,3600.0,4000.0,1,4,2,971,50,Intel,Server,1,3
Intel Xeon E3-1280 v6 @ 3.90GHz,550.0,72.0,2017-03-01,FCLGA1151,Server,3900.0,4200.0,1,4,2,822,12,Intel,Server,1,3
Intel Xeon E3-1281 v3 @ 3.70GHz,546.25,82.0,2015-04-01,LGA1150,Server,3700.0,4100.0,1,4,2,954,36,Intel,Server,1,3
Intel Xeon E3-1285 v6 @ 4.10GHz,543.84,79.0,2018-01-01,FCLGA1151,Server,4100.0,4500.0,1,4,2,797,5,Intel,Server,1,3
Intel Xeon E3-1285L v3 @ 3.10GHz,898.5,65.0,2014-11-01,LGA1150,Server,3100.0,3900.0,1,4,2,1053,22,Intel,Server,1,3
Intel Xeon E3-1286 v3 @ 3.70GHz,839.0,84.0,2014-10-01,LGA1150,Server,3700.0,4100.0,1,4,2,963,3,Intel,Server,1,3
Intel Xeon E3-1286L v3 @ 3.20GHz,774.0,65.0,2018-01-01,LGA1150,Server,3200.0,4000.0,1,4,2,1091,3,Intel,Server,1,3
Intel Xeon E3-1290 @ 3.60GHz,885.0,95.0,2011-12-01,LGA1155,Server,3600.0,4000.0,1,4,2,1340,8,Intel,Server,1,3
Intel Xeon E3-1290 V2 @ 3.70GHz,885.0,87.0,2012-05-01,LGA1155,Server,3700.0,4100.0,1,4,2,1100,33,Intel,Server,1,3
Intel Xeon E3-1535M v5 @ 2.90GHz,623.0,45.0,2015-12-01,FCBGA1440,"Laptop, Server",2900.0,3800.0,1,4,2,942,182,Intel,Server,1,3
Intel Xeon E3-1535M v6 @ 3.10GHz,623.0,35.0,2017-04-01,FCBGA1440,"Laptop, Server",3100.0,4200.0,1,4,2,880,210,Intel,Server,1,3
Intel Xeon E3-1585 v5 @ 3.50GHz,556.0,65.0,2017-05-01,FCBGA1440,Server,3500.0,3900.0,1,4,2,861,6,Intel,Server,1,3
Intel Xeon E3-1585L v5 @ 3.00GHz,445.0,45.0,2018-06-01,FCBGA1440,Server,3000.0,3700.0,1,4,2,900,5,Intel,Server,1,3
Intel Xeon E3110 @ 3.00GHz,199.95,65.0,2008-11-01,LGA775,Server,3000.0,0.0,1,2,1,2757,70,Intel,Server,1,3
Intel Xeon E3113 @ 3.00GHz,9.79,65.0,2014-10-01,LGA775,Server,3000.0,0.0,1,2,1,2621,1,Intel,Server,1,3
Intel Xeon E5-1410 @ 2.80GHz,44.99,80.0,2012-01-01,LGA1356,Server,2800.0,3200.0,1,4,2,1377,7,Intel,Server,1,3
Intel Xeon E5-1410 v2 @ 2.80GHz,19.2,80.0,2015-08-01,LGA 1356,Server,2800.0,3200.0,1,4,2,1260,6,Intel,Server,1,3
Intel Xeon E5-1428L v2 @ 2.20GHz,20.37,60.0,2019-09-01,FCLGA1356,Server,2200.0,2700.0,1,6,2,1076,2,Intel,Server,1,3
Intel Xeon E5-1603 @ 2.80GHz,33.89,130.0,2012-06-01,LGA2011,Server,2800.0,0.0,1,4,1,1639,284,Intel,Server,1,3
Intel Xeon E5-1603 v3 @ 2.80GHz,12.88,140.0,2015-01-01,LGA2011-v3,Server,2800.0,0.0,1,4,1,1418,110,Intel,Server,1,3
Intel Xeon E5-1607 @ 3.00GHz,11.53,130.0,2012-08-01,LGA2011,Server,3000.0,0.0,1,4,1,1565,180,Intel,Server,1,3
Intel Xeon E5-1607 v2 @ 3.00GHz,229.95,130.0,2014-03-01,LGA 2011,Server,3000.0,0.0,1,4,1,1454,133,Intel,Server,1,3
Intel Xeon E5-1607 v4 @ 3.10GHz,178.02,140.0,2016-11-01,FCLGA2011-3,Server,3100.0,0.0,1,4,1,1298,23,Intel,Server,1,3
Intel Xeon E5-1620 @ 3.60GHz,179.91,130.0,2012-05-01,LGA2011,Server,3600.0,3800.0,1,4,2,1197,1370,Intel,Server,1,3
Intel Xeon E5-1620 v2 @ 3.70GHz,77.0,130.0,2013-07-01,FCLGA2011,Server,3700.0,3900.0,1,4,2,1081,861,Intel,Server,1,3
Intel Xeon E5-1620 v3 @ 3.50GHz,106.0,140.0,2014-09-01,LGA2011-v3,Server,3500.0,3600.0,1,4,2,1019,830,Intel,Server,1,3
Intel Xeon E5-1620 v4 @ 3.50GHz,179.0,140.0,2016-05-01,FCLGA2011-3,Server,3500.0,3800.0,1,4,2,964,246,Intel,Server,1,3
Intel Xeon E5-1650 @ 3.20GHz,112.0,130.0,2012-04-01,LGA2011,Server,3200.0,3800.0,1,6,2,892,936,Intel,Server,1,3
Intel Xeon E5-1650 v2 @ 3.50GHz,238.02,130.0,2013-07-01,FCLGA2011,Server,3500.0,3900.0,1,6,2,794,766,Intel,Server,1,3
Intel Xeon E5-1650 v3 @ 3.50GHz,138.51,140.0,2014-10-01,LGA2011-v3,Server,3500.0,3800.0,1,6,2,726,807,Intel,Server,1,3
Intel Xeon E5-1650 v4 @ 3.60GHz,453.7,140.0,2016-07-01,FCLGA2011-3,Server,3600.0,4000.0,1,6,2,669,449,Intel,Server,1,3
Intel Xeon E5-1660 @ 3.30GHz,267.19,130.0,2012-07-01,LGA2011,Server,3300.0,3900.0,1,6,2,860,212,Intel,Server,1,3
Intel Xeon E5-1660 v2 @ 3.70GHz,498.95,130.0,2013-12-01,LGA 2011,Server,3700.0,4000.0,1,6,2,737,56,Intel,Server,1,3
Intel Xeon E5-1660 v3 @ 3.00GHz,398.95,140.0,2014-10-01,LGA2011-v3,Server,3000.0,3500.0,1,8,2,634,67,Intel,Server,1,3
Intel Xeon E5-1680 v3 @ 3.20GHz,589.99,140.0,2015-03-01,LGA2011-v3,Server,3200.0,3800.0,1,8,2,601,45,Intel,Server,1,3
Intel Xeon E5-2403 @ 1.80GHz,247.59,80.0,2012-01-01,LGA 1356,Server,1800.0,0.0,1,4,1,2108,12,Intel,Server,1,3
Intel Xeon E5-2403 v2 @ 1.80GHz,541.0,80.0,2015-04-01,FCLGA1356,Server,1800.0,0.0,1,4,1,1847,5,Intel,Server,1,3
Intel Xeon E5-2407 @ 2.20GHz,325.03,80.0,2012-01-01,LGA 1356,Server,2200.0,0.0,1,4,1,1897,20,Intel,Server,1,3
Intel Xeon E5-2407 v2 @ 2.40GHz,149.5,80.0,2014-09-01,FCLGA1356,Server,2400.0,0.0,1,4,1,1624,9,Intel,Server,1,3
Intel Xeon E5-2418L v2 @ 2.00GHz,607.0,50.0,2022-09-01,FCLGA1356,Server,2000.0,0.0,1,6,2,1268,1,Intel,Server,1,3
Intel Xeon E5-2420 @ 1.90GHz,155.0,95.0,2012-06-01,LGA1356,Server,1900.0,2400.0,1,6,2,1317,71,Intel,Server,1,3
Intel Xeon E5-2420 v2 @ 2.20GHz,67.52,80.0,2014-04-01,FCLGA1356,Server,2200.0,2700.0,1,6,2,1121,76,Intel,Server,1,3
Intel Xeon E5-2430 @ 2.20GHz,314.95,95.0,2012-01-01,LGA 1356,Server,2200.0,2700.0,1,6,2,1223,12,Intel,Server,1,3
Intel Xeon E5-2430 v2 @ 2.50GHz,162.5,80.0,2014-07-01,LGA 1356,Server,2500.0,3000.0,1,6,2,996,14,Intel,Server,1,3
Intel Xeon E5-2430L @ 2.00GHz,32.28,60.0,2017-12-01,FCLGA1356,Server,2000.0,2500.0,1,6,2,1296,5,Intel,Server,1,3
Intel Xeon E5-2440 @ 2.40GHz,170.0,95.0,2014-03-01,LGA 1356,Server,2400.0,2700.0,1,6,2,1189,15,Intel,Server,1,3
Intel Xeon E5-2440 v2 @ 1.90GHz,604.5,95.0,2014-10-01,LGA 1356,Server,1900.0,2400.0,1,8,2,1036,2,Intel,Server,1,3
Intel Xeon E5-2450 @ 2.10GHz,64.0,95.0,2015-04-01,LGA 1356,Server,2100.0,2900.0,1,8,2,943,18,Intel,Server,1,3
Intel Xeon E5-2450 v2 @ 2.50GHz,295.95,95.0,2017-08-01,LGA 1356,Server,2500.0,3300.0,1,8,2,826,2,Intel,Server,1,3
Intel Xeon E5-2450L @ 1.80GHz,78.0,70.0,2015-08-01,LGA 1356,Server,1800.0,2300.0,1,8,2,1192,6,Intel,Server,1,3
Intel Xeon E5-2470 @ 2.30GHz,140.0,95.0,2013-08-01,LGA 1356,Server,2300.0,3100.0,1,8,2,870,21,Intel,Server,1,3
Intel Xeon E5-2470 v2 @ 2.40GHz,208.45,95.0,2016-02-01,LGA 1356,Server,2400.0,3200.0,1,10,2,729,29,Intel,Server,1,3
Intel Xeon E5-2603 @ 1.80GHz,65.77,80.0,2012-01-01,LGA 2011,Server,1800.0,0.0,1,4,1,2052,34,Intel,Server,1,3
Intel Xeon E5-2603 v2 @ 1.80GHz,53.49,80.0,2014-11-01,LGA 2011,Server,1800.0,0.0,1,4,1,1886,12,Intel,Server,1,3
Intel Xeon E5-2603 v3 @ 1.60GHz,50.54,85.0,2015-01-01,LGA2011-v3,Server,1600.0,0.0,1,6,1,1567,29,Intel,Server,1,3
Intel Xeon E5-2603 v4 @ 1.70GHz,183.45,85.0,2016-07-01,FCLGA2011-3,Server,1700.0,0.0,1,6,1,1378,11,Intel,Server,1,3
Intel Xeon E5-2608L v3 @ 2.00GHz,441.0,52.0,2018-01-01,LGA2011-v3,Server,2000.0,0.0,1,6,2,1098,2,Intel,Server,1,3
Intel Xeon E5-2608L v4 @ 1.60GHz,363.0,50.0,2022-09-01,FCLGA2011-3,Server,1600.0,1700.0,1,8,2,960,3,Intel,Server,1,3
Intel Xeon E5-2609 @ 2.40GHz,62.0,80.0,2012-04-01,LGA2011,Server,2400.0,0.0,1,4,1,1939,69,Intel,Server,1,3
Intel Xeon E5-2609 v2 @ 2.50GHz,59.46,80.0,2014-04-01,LGA 2011,Server,2500.0,0.0,1,4,1,1631,27,Intel,Server,1,3
Intel Xeon E5-2609 v3 @ 1.90GHz,70.99,80.0,2014-11-01,LGA2011-v3,Server,1900.0,0.0,1,6,1,1427,32,Intel,Server,1,3
Intel Xeon E5-2609 v4 @ 1.70GHz,314.95,85.0,2016-08-01,FCLGA2011-3,Server,1700.0,0.0,1,8,1,1271,18,Intel,Server,1,3
Intel Xeon E5-2618L v3 @ 2.30GHz,1029.95,75.0,2017-02-01,LGA2011-v3,Server,2300.0,3400.0,1,8,2,722,6,Intel,Server,1,3
Intel Xeon E5-2618L v4 @ 2.20GHz,902.2,75.0,2017-10-01,FCLGA2011-3,Server,2200.0,3200.0,1,10,2,624,6,Intel,Server,1,3
Intel Xeon E5-2620 @ 2.00GHz,43.69,95.0,2012-04-01,LGA2011,Server,2000.0,2500.0,1,6,2,1288,307,Intel,Server,1,3
Intel Xeon E5-2620 v2 @ 2.10GHz,42.41,80.0,2013-07-01,FCLGA2011,Server,2100.0,2600.0,1,6,2,1124,193,Intel,Server,1,3
Intel Xeon E5-2620 v3 @ 2.40GHz,11.01,85.0,2014-11-01,LGA2011-v3,Server,2400.0,3200.0,1,6,2,913,464,Intel,Server,1,3
Intel Xeon E5-2620 v4 @ 2.10GHz,209.17,85.0,2016-05-01,FCLGA2011-3,Server,2100.0,3000.0,1,8,2,803,140,Intel,Server,1,3
Intel Xeon E5-2623 v3 @ 3.00GHz,249.95,105.0,2015-02-01,LGA2011-v3,Server,3000.0,3500.0,1,4,2,1047,24,Intel,Server,1,3
Intel Xeon E5-2623 v4 @ 2.60GHz,59.0,85.0,2016-06-01,FCLGA2011-3,Server,2600.0,3200.0,1,4,2,1039,33,Intel,Server,1,3
Intel Xeon E5-2629 v3 @ 2.40GHz,499.88,85.0,2016-10-01,LGA2011-v3,Server,2400.0,2600.0,1,8,2,807,4,Intel,Server,1,3
Intel Xeon E5-2630 @ 2.30GHz,53.82,95.0,2012-04-01,LGA2011,Server,2300.0,2800.0,1,6,2,1162,124,Intel,Server,1,3
Intel Xeon E5-2630 v2 @ 2.60GHz,29.99,80.0,2013-07-01,FCLGA2011,Server,2600.0,3100.0,1,6,2,949,186,Intel,Server,1,3
Intel Xeon E5-2630 v3 @ 2.40GHz,63.75,85.0,2014-10-01,LGA2011-v3,Server,2400.0,3200.0,1,8,2,725,255,Intel,Server,1,3
Intel Xeon E5-2630 v4 @ 2.20GHz,230.0,85.0,2016-04-01,FCLGA2011-3,Server,2200.0,3100.0,1,10,2,663,118,Intel,Server,1,3
Intel Xeon E5-2630L v2 @ 2.40GHz,83.06,60.0,2014-11-01,LGA 2011,Server,2400.0,2800.0,1,6,2,1083,16,Intel,Server,1,3
Intel Xeon E5-2630L v3 @ 1.80GHz,79.0,55.0,2016-06-01,LGA2011-v3,Server,1800.0,2900.0,1,8,2,825,59,Intel,Server,1,3
Intel Xeon E5-2630L v4 @ 1.80GHz,98.0,55.0,2017-01-01,FCLGA2011-3,Server,1800.0,2900.0,1,10,2,701,1,Intel,Server,1,3
Intel Xeon E5-2637 @ 3.00GHz,79.0,80.0,2018-04-01,FCLGA2011,Server,3000.0,3500.0,1,2,2,1804,6,Intel,Server,1,3
Intel Xeon E5-2637 v2 @ 3.50GHz,76.0,130.0,2014-03-01,LGA 2011,Server,3500.0,3800.0,1,4,2,1105,48,Intel,Server,1,3
Intel Xeon E5-2637 v3 @ 3.50GHz,49.99,135.0,2014-10-01,LGA2011-v3,Server,3500.0,3700.0,1,4,2,958,22,Intel,Server,1,3
Intel Xeon E5-2637 v4 @ 3.50GHz,132.0,135.0,2016-05-01,FCLGA2011-3,Server,3500.0,3700.0,1,4,2,977,26,Intel,Server,1,3
Intel Xeon E5-2640 @ 2.50GHz,67.56,95.0,2012-04-01,LGA2011,Server,2500.0,3000.0,1,6,2,1122,216,Intel,Server,1,3
Intel Xeon E5-2640 v2 @ 2.00GHz,64.0,95.0,2014-02-01,LGA 2011,Server,2000.0,2500.0,1,8,2,916,37,Intel,Server,1,3
Intel Xeon E5-2640 v3 @ 2.60GHz,136.0,90.0,2014-09-01,LGA2011-v3,Server,2600.0,3400.0,1,8,2,680,207,Intel,Server,1,3
Intel Xeon E5-2640 v4 @ 2.40GHz,421.45,90.0,2016-04-01,FCLGA2011-3,Server,2400.0,3400.0,1,10,2,654,51,Intel,Server,1,3
Intel Xeon E5-2643 @ 3.30GHz,143.0,130.0,2012-06-01,LGA2011,Server,3300.0,3500.0,1,4,2,1246,110,Intel,Server,1,3
Intel Xeon E5-2643 v2 @ 3.50GHz,29.95,130.0,2013-07-01,FCLGA2011,Server,3500.0,3800.0,1,6,2,808,43,Intel,Server,1,3
Intel Xeon E5-2643 v3 @ 3.40GHz,758.51,135.0,2015-01-01,LGA2011-v3,Server,3400.0,3700.0,1,6,2,721,34,Intel,Server,1,3
Intel Xeon E5-2643 v4 @ 3.40GHz,314.67,135.0,2016-06-01,FCLGA2011-3,Server,3400.0,3700.0,1,6,2,691,16,Intel,Server,1,3
Intel Xeon E5-2648L v2 @ 1.90GHz,945.0,70.0,2017-12-01,FCLGA2011,Server,1900.0,2500.0,1,10,2,846,1,Intel,Server,1,3
Intel Xeon E5-2650 @ 2.00GHz,62.94,95.0,2012-03-01,LGA2011,Server,2000.0,2800.0,1,8,2,974,173,Intel,Server,1,3
Intel Xeon E5-2650 v2 @ 2.60GHz,60.0,95.0,2013-07-01,FCLGA2011,Server,2600.0,3400.0,1,8,2,753,443,Intel,Server,1,3
Intel Xeon E5-2650 v3 @ 2.30GHz,85.82,105.0,2014-09-01,LGA2011-v3,Server,2300.0,3000.0,1,10,2,655,131,Intel,Server,1,3
Intel Xeon E5-2650 v4 @ 2.20GHz,184.99,105.0,2016-06-01,FCLGA2011-3,Server,2200.0,2900.0,1,12,2,553,40,Intel,Server,1,3
Intel Xeon E5-2650L @ 1.80GHz,49.0,70.0,2012-01-01,LGA 2011,Server,1800.0,2300.0,1,8,2,1182,11,Intel,Server,1,3
Intel Xeon E5-2650L v2 @ 1.70GHz,130.0,70.0,2017-03-01,FCLGA2011,Server,1700.0,2100.0,1,10,2,928,7,Intel,Server,1,3
Intel Xeon E5-2650L v4 @ 1.70GHz,119.99,65.0,2017-07-01,FCLGA2011-3,Server,1700.0,2500.0,1,14,2,671,2,Intel,Server,1,3
Intel Xeon E5-2651 v2 @ 1.80GHz,278.1,0.0,2016-04-01,LGA 2011,Server,1800.0,2200.0,1,12,2,802,11,Intel,Server,1,3
Intel Xeon E5-2660 @ 2.20GHz,36.35,95.0,2012-04-01,LGA2011,Server,2200.0,3000.0,1,8,2,890,183,Intel,Server,1,3
Intel Xeon E5-2660 v2 @ 2.20GHz,78.0,95.0,2014-03-01,LGA 2011,Server,2200.0,3000.0,1,10,2,717,67,Intel,Server,1,3
Intel Xeon E5-2660 v3 @ 2.60GHz,135.66,105.0,2014-09-01,LGA2011-v3,Server,2600.0,3300.0,1,10,2,605,122,Intel,Server,1,3
Intel Xeon E5-2660 v4 @ 2.00GHz,233.53,105.0,2016-11-01,FCLGA2011-3,Server,2000.0,3200.0,1,14,2,477,20,Intel,Server,1,3
Intel Xeon E5-2665 @ 2.40GHz,85.0,115.0,2012-06-01,LGA2011,Server,2400.0,3100.0,1,8,2,859,134,Intel,Server,1,3
Intel Xeon E5-2667 @ 2.90GHz,96.19,130.0,2012-08-01,LGA2011,Server,2900.0,3500.0,1,6,2,952,71,Intel,Server,1,3
Intel Xeon E5-2667 v2 @ 3.30GHz,289.95,130.0,2014-02-01,LGA 2011,Server,3300.0,4000.0,1,8,2,641,188,Intel,Server,1,3
Intel Xeon E5-2667 v3 @ 3.20GHz,221.0,135.0,2014-12-01,LGA2011-v3,Server,3200.0,3600.0,1,8,2,633,36,Intel,Server,1,3
Intel Xeon E5-2667 v4 @ 3.20GHz,728.95,135.0,2016-07-01,FCLGA2011-3,Server,3200.0,3600.0,1,8,2,562,23,Intel,Server,1,3
Intel Xeon E5-2670 @ 2.60GHz,60.27,115.0,2012-03-01,LGA2011,Server,2600.0,3300.0,1,8,2,823,724,Intel,Server,1,3
Intel Xeon E5-2670 v2 @ 2.50GHz,156.0,115.0,2014-02-01,FCLGA2011,Server,2500.0,3300.0,1,10,2,665,65,Intel,Server,1,3
Intel Xeon E5-2670 v3 @ 2.30GHz,117.44,120.0,2014-08-01,LGA2011-v3,Server,2300.0,3100.0,1,12,2,574,125,Intel,Server,1,3
Intel Xeon E5-2673 v3 @ 2.40GHz,700.0,110.0,2015-09-01,LGA2011-v3,Server,2400.0,4000.0,1,12,2,559,79,Intel,Server,1,3
Intel Xeon E5-2678 v3 @ 2.50GHz,106.19,120.0,2015-08-01,LGA2011-v3,Server,2500.0,3100.0,1,12,2,526,114,Intel,Server,1,3
Intel Xeon E5-2680 @ 2.70GHz,643.5,130.0,2012-05-01,LGA2011,Server,2700.0,3500.0,1,8,2,787,219,Intel,Server,1,3
Intel Xeon E5-2680 v2 @ 2.80GHz,133.53,115.0,2013-07-01,FCLGA2011,Server,2800.0,3600.0,1,10,2,628,264,Intel,Server,1,3
Intel Xeon E5-2680 v3 @ 2.50GHz,194.45,120.0,2014-10-01,LGA2011-v3,Server,2500.0,3300.0,1,12,2,487,153,Intel,Server,1,3
Intel Xeon E5-2680 v4 @ 2.40GHz,281.45,120.0,2016-05-01,FCLGA2011-3,Server,2400.0,3300.0,1,14,2,411,146,Intel,Server,1,3
Intel Xeon E5-2683 v3 @ 2.00GHz,449.95,120.0,2015-02-01,LGA2011-v3,Server,2000.0,3000.0,1,14,2,510,158,Intel,Server,1,3
Intel Xeon E5-2683 v4 @ 2.10GHz,391.0,120.0,2016-12-01,FCLGA2011-3,Server,2100.0,3000.0,1,16,2,428,36,Intel,Server,1,3
Intel Xeon E5-2687W @ 3.10GHz,725.0,150.0,2012-02-01,LGA2011,Server,3100.0,3800.0,1,8,2,759,176,Intel,Server,1,3
Intel Xeon E5-2687W v2 @ 3.40GHz,432.19,150.0,2013-07-01,FCLGA2011,Server,3400.0,4000.0,1,8,2,648,83,Intel,Server,1,3
Intel Xeon E5-2687W v3 @ 3.10GHz,679.95,160.0,2014-10-01,LGA2011-v3,Server,3100.0,3500.0,1,10,2,523,55,Intel,Server,1,3
Intel Xeon E5-2687W v4 @ 3.00GHz,975.1,160.0,2016-05-01,FCLGA2011-3,Server,3000.0,3500.0,1,12,2,416,37,Intel,Server,1,3
Intel Xeon E5-2689 @ 2.60GHz,182.75,115.0,2013-03-01,LGA 2011,Server,2600.0,3600.0,1,8,2,772,440,Intel,Server,1,3
Intel Xeon E5-2690 @ 2.90GHz,122.0,135.0,2012-03-01,LGA2011,Server,2900.0,3800.0,1,8,2,769,530,Intel,Server,1,3
Intel Xeon E5-2690 v2 @ 3.00GHz,130.19,130.0,2013-07-01,FCLGA2011,Server,3000.0,3600.0,1,10,2,589,142,Intel,Server,1,3
Intel Xeon E5-2690 v3 @ 2.60GHz,211.19,135.0,2014-09-01,LGA2011-v3,Server,2600.0,3500.0,1,12,2,457,152,Intel,Server,1,3
Intel Xeon E5-2690 v4 @ 2.60GHz,419.06,135.0,2016-05-01,FCLGA2011-3,Server,2600.0,3500.0,1,14,2,339,56,Intel,Server,1,3
Intel Xeon E5-2695 v2 @ 2.40GHz,178.0,115.0,2013-12-01,LGA 2011,Server,2400.0,3200.0,1,12,2,587,44,Intel,Server,1,3
Intel Xeon E5-2695 v3 @ 2.30GHz,165.84,120.0,2014-09-01,LGA2011-v3,Server,2300.0,3300.0,1,14,2,456,34,Intel,Server,1,3
Intel Xeon E5-2695 v4 @ 2.10GHz,592.1,120.0,2016-08-01,FCLGA2011-3,Server,2100.0,3300.0,1,18,2,353,11,Intel,Server,1,3
Intel Xeon E5-2697 v2 @ 2.70GHz,191.19,130.0,2013-06-01,FCLGA2011,Server,2700.0,3500.0,1,12,2,554,274,Intel,Server,1,3
Intel Xeon E5-2697 v3 @ 2.60GHz,191.19,145.0,2014-08-01,LGA2011-v3,Server,2600.0,3600.0,1,14,2,368,138,Intel,Server,1,3
Intel Xeon E5-2697 v4 @ 2.30GHz,488.1,145.0,2016-05-01,FCLGA2011-3,Server,2300.0,3600.0,1,18,2,295,29,Intel,Server,1,3
Intel Xeon E5-2698 v4 @ 2.20GHz,908.7,135.0,2016-06-01,FCLGA2011-3,Server,2200.0,3600.0,1,20,2,259,17,Intel,Server,1,3
Intel Xeon E5-2699 v3 @ 2.30GHz,547.21,145.0,2014-09-01,LGA2011-v3,Server,2300.0,3600.0,1,18,2,327,102,Intel,Server,1,3
Intel Xeon E5-4603 @ 2.00GHz,132.19,95.0,2014-03-01,LGA 2011,Server,2000.0,0.0,1,4,2,1656,1,Intel,Server,1,3
Intel Xeon E5-4607 v2 @ 2.60GHz,72.8,95.0,2016-07-01,FCLGA2011,Server,2600.0,0.0,1,6,2,1023,1,Intel,Server,1,3
Intel Xeon E5-4610 @ 2.40GHz,215.19,95.0,2018-11-01,FCLGA2011,Server,2400.0,2900.0,1,6,2,1089,1,Intel,Server,1,3
Intel Xeon E5-4617 @ 2.90GHz,35.88,130.0,2014-02-01,LGA 2011,Server,2900.0,3400.0,1,6,1,1120,10,Intel,Server,1,3
Intel Xeon E5-4620 @ 2.20GHz,50.0,95.0,2015-10-01,LGA 2011,Server,2200.0,2600.0,1,8,2,1052,3,Intel,Server,1,3
Intel Xeon E5-4620 v2 @ 2.60GHz,91.0,95.0,2015-10-01,FCLGA2011,Server,2600.0,3000.0,1,8,2,780,3,Intel,Server,1,3
Intel Xeon E5-4620 v3 @ 2.00GHz,21.47,105.0,2019-12-01,FCLGA2011-3,Server,2000.0,2600.0,1,10,2,718,4,Intel,Server,1,3
Intel Xeon E5-4627 v2 @ 3.30GHz,498.95,130.0,2015-04-01,FCLGA2011,Server,3300.0,3600.0,1,8,1,793,9,Intel,Server,1,3
Intel Xeon E5-4627 v4 @ 2.60GHz,999.99,135.0,2017-04-01,FCLGA2011-3,Server,2600.0,3200.0,1,10,1,614,3,Intel,Server,1,3
Intel Xeon E5-4640 @ 2.40GHz,58.84,95.0,2012-08-01,LGA2011,Server,2400.0,2800.0,1,8,2,1018,6,Intel,Server,1,3
Intel Xeon E5-4650 @ 2.70GHz,78.19,130.0,2012-07-01,LGA2011,Server,2700.0,3300.0,1,8,2,844,26,Intel,Server,1,3
Intel Xeon E5-4650 v2 @ 2.40GHz,498.95,95.0,2019-01-01,FCLGA2011,Server,2400.0,2900.0,1,10,2,696,4,Intel,Server,1,3
Intel Xeon E5-4650L @ 2.60GHz,58.87,115.0,2017-07-01,LGA 2011,Server,2600.0,3100.0,1,8,2,853,7,Intel,Server,1,3
Intel Xeon E5-4657L v2 @ 2.40GHz,751.19,115.0,2015-01-01,FCLGA2011,Server,2400.0,2900.0,1,12,2,677,4,Intel,Server,1,3
Intel Xeon E5205 @ 1.86GHz,14.27,65.0,2012-01-01,LGA771,Server,1860.0,0.0,1,2,1,3133,5,Intel,Server,1,3
Intel Xeon E5240 @ 3.00GHz,88.78,65.0,2009-11-01,LGA771,Server,3000.0,0.0,1,2,1,2606,3,Intel,Server,1,3
Intel Xeon E5310 @ 1.60GHz,49.0,80.0,2009-03-01,LGA771,Server,1600.0,0.0,1,4,1,2708,4,Intel,Server,1,3
Intel Xeon E5320 @ 1.86GHz,38.75,80.0,2009-03-01,LGA771,Server,1860.0,0.0,1,4,1,2596,29,Intel,Server,1,3
Intel Xeon E5335 @ 2.00GHz,17.77,80.0,2009-04-01,LGA771,Server,2000.0,0.0,1,4,1,2539,14,Intel,Server,1,3
Intel Xeon E5345 @ 2.33GHz,39.99,80.0,2008-11-01,LGA771,Server,2330.0,0.0,1,4,1,2335,60,Intel,Server,1,3
Intel Xeon E5405 @ 2.00GHz,233.25,80.0,2009-02-01,LGA771,Server,2000.0,0.0,1,4,1,2443,112,Intel,Server,1,3
Intel Xeon E5410 @ 2.33GHz,10.69,80.0,2009-03-01,LGA771,Server,2330.0,0.0,1,4,1,2329,108,Intel,Server,1,3
Intel Xeon E5420 @ 2.50GHz,249.95,80.0,2009-02-01,LGA771,Server,2500.0,0.0,1,4,1,2259,232,Intel,Server,1,3
Intel Xeon E5430 @ 2.66GHz,229.95,80.0,2009-02-01,LGA771,Server,2660.0,0.0,1,4,1,2146,289,Intel,Server,1,3
Intel Xeon E5440 @ 2.83GHz,37.99,80.0,2009-02-01,LGA771,Server,2830.0,0.0,1,4,1,2053,501,Intel,Server,1,3
Intel Xeon E5450 @ 3.00GHz,36.99,80.0,2009-04-01,LGA771,Server,3000.0,0.0,1,4,1,1993,1235,Intel,Server,1,3
Intel Xeon E5462 @ 2.80GHz,235.0,80.0,2009-02-01,LGA771,Server,2800.0,0.0,1,4,1,2221,76,Intel,Server,1,3
Intel Xeon E5472 @ 3.00GHz,20.04,80.0,2009-03-01,LGA771,Server,3000.0,0.0,1,4,1,2104,156,Intel,Server,1,3
Intel Xeon E5502 @ 1.87GHz,80.0,80.0,2009-06-01,LGA1366,Server,1870.0,0.0,1,2,1,3134,8,Intel,Server,1,3
Intel Xeon E5503 @ 2.00GHz,123.19,80.0,2010-06-01,LGA1366,Server,2000.0,0.0,1,2,1,3170,11,Intel,Server,1,3
Intel Xeon E5504 @ 2.00GHz,49.0,80.0,2009-04-01,LGA1366,Server,2000.0,0.0,1,4,1,2563,63,Intel,Server,1,3
Intel Xeon E5506 @ 2.13GHz,96.0,80.0,2009-04-01,LGA1366,Server,2130.0,0.0,1,4,1,2285,80,Intel,Server,1,3
Intel Xeon E5507 @ 2.27GHz,100.0,80.0,2010-06-01,LGA1366,Server,2270.0,0.0,1,4,1,2300,50,Intel,Server,1,3
Intel Xeon E5520 @ 2.27GHz,32.87,80.0,2009-03-01,LGA1366,Server,2270.0,2530.0,1,4,2,1986,181,Intel,Server,1,3
Intel Xeon E5530 @ 2.40GHz,29.99,80.0,2009-04-01,LGA1366,Server,2400.0,2660.0,1,4,2,1938,46,Intel,Server,1,3
Intel Xeon E5540 @ 2.53GHz,72.63,80.0,2009-07-01,LGA1366,Server,2530.0,2800.0,1,4,2,1894,47,Intel,Server,1,3
Intel Xeon E5603 @ 1.60GHz,95.19,80.0,2011-06-01,LGA1366,Server,1600.0,0.0,1,4,1,2295,20,Intel,Server,1,3
Intel Xeon E5606 @ 2.13GHz,170.33,80.0,2011-05-01,LGA1366,Server,2130.0,0.0,1,4,1,2073,39,Intel,Server,1,3
Intel Xeon E5607 @ 2.27GHz,41.79,80.0,2011-04-01,LGA1366,Server,2270.0,0.0,1,4,1,1911,15,Intel,Server,1,3
Intel Xeon E5620 @ 2.40GHz,34.92,80.0,2010-06-01,LGA1366,Server,2400.0,2660.0,1,4,2,1614,210,Intel,Server,1,3
Intel Xeon E5630 @ 2.53GHz,158.0,80.0,2010-05-01,LGA1366,Server,2530.0,2800.0,1,4,2,1571,87,Intel,Server,1,3
Intel Xeon E5640 @ 2.67GHz,64.0,80.0,2010-05-01,LGA1366,Server,2670.0,2930.0,1,4,2,1542,48,Intel,Server,1,3
Intel Xeon E5645 @ 2.40GHz,52.0,80.0,2011-04-01,LGA1366,Server,2400.0,2670.0,1,6,2,1341,84,Intel,Server,1,3
Intel Xeon E5649 @ 2.53GHz,71.4,80.0,2011-08-01,LGA1366,Server,2530.0,2930.0,1,6,2,1304,37,Intel,Server,1,3
Intel Xeon E7-8880 v3 @ 2.30GHz,133.0,150.0,2016-07-01,LGA2011-1,Server,2300.0,3100.0,1,18,2,399,1,Intel,Server,1,3
Intel Xeon Gold 5115 @ 2.40GHz,1024.0,85.0,2018-02-01,FCLGA3647,Server,2400.0,3200.0,1,10,2,529,2,Intel,Server,1,3
Intel Xeon Gold 5118 @ 2.30GHz,452.98,105.0,2017-12-01,FCLGA3647,Server,2300.0,3200.0,1,12,2,466,8,Intel,Server,1,3
Intel Xeon Gold 5122 @ 3.60GHz,1120.01,105.0,2017-11-01,FCLGA3647,Server,3600.0,3700.0,1,4,2,831,17,Intel,Server,1,3
Intel Xeon Gold 5218 @ 2.30GHz,797.0,125.0,2019-09-01,FCLGA3647,Server,2300.0,3900.0,1,16,2,278,6,Intel,Server,1,3
Intel Xeon Gold 5317 @ 3.00GHz,1069.99,150.0,2021-05-01,FCLGA4189,Server,3000.0,3600.0,1,12,2,173,17,Intel,Server,1,3
Intel Xeon Gold 6126 @ 2.60GHz,588.0,125.0,2018-03-01,FCLGA3647,Server,2600.0,3700.0,1,12,2,366,2,Intel,Server,1,3
Intel Xeon Gold 6128 @ 3.40GHz,1026.0,115.0,2017-10-01,FCLGA3647,Server,3400.0,3700.0,1,6,2,579,11,Intel,Server,1,3
Intel Xeon Gold 6134 @ 3.20GHz,910.11,130.0,2017-04-01,FCLGA3647,Server,3200.0,3700.0,1,8,2,453,14,Intel,Server,1,3
Intel Xeon Gold 6140 @ 2.30GHz,895.0,140.0,2017-11-01,FCLGA3647,Server,2300.0,3700.0,1,18,2,264,1,Intel,Server,1,3
Intel Xeon Gold 6144 @ 3.50GHz,718.0,150.0,2017-10-01,FCLGA3647,Server,3500.0,4200.0,1,8,2,384,4,Intel,Server,1,3
Intel Xeon Gold 6148 @ 2.40GHz,1099.0,150.0,2018-01-01,FCLGA3647,Server,2400.0,3700.0,1,20,2,147,20,Intel,Server,1,3
Intel Xeon L3360 @ 2.83GHz,89.23,65.0,2012-05-01,LGA775,Server,2830.0,0.0,1,4,1,2089,6,Intel,Server,1,3
Intel Xeon L3406 @ 2.27GHz,258.19,30.0,2010-01-01,LGA1156,Server,2270.0,2530.0,1,2,2,3053,1,Intel,Server,1,3
Intel Xeon L3426 @ 1.87GHz,227.0,45.0,2010-03-01,LGA1156,Server,1870.0,3200.0,1,4,2,1952,18,Intel,Server,1,3
Intel Xeon L5240 @ 3.00GHz,31.4,40.0,2009-06-01,LGA771,Server,3000.0,0.0,1,2,1,2687,5,Intel,Server,1,3
Intel Xeon L5310 @ 1.60GHz,112.5,50.0,2016-05-01,LGA771,Server,1600.0,0.0,1,4,1,2651,1,Intel,Server,1,3
Intel Xeon L5320 @ 1.86GHz,69.99,50.0,2011-10-01,LGA771,Server,1860.0,0.0,1,4,1,2868,4,Intel,Server,1,3
Intel Xeon L5335 @ 2.00GHz,18.79,50.0,2007-01-01,LGA771,Server,2000.0,0.0,1,4,1,2457,2,Intel,Server,1,3
Intel Xeon L5410 @ 2.33GHz,100.08,50.0,2009-03-01,LGA771,Server,2330.0,0.0,1,4,1,2301,35,Intel,Server,1,3
Intel Xeon L5420 @ 2.50GHz,27.5,50.0,2009-02-01,LGA771,Server,2500.0,0.0,1,4,1,2223,212,Intel,Server,1,3
Intel Xeon L5430 @ 2.66GHz,227.0,50.0,2014-02-01,LGA771,Server,2660.0,0.0,1,4,1,2121,49,Intel,Server,1,3
Intel Xeon L5520 @ 2.27GHz,49.0,60.0,2010-03-01,LGA1366,Server,2270.0,2536.0,1,4,2,2114,25,Intel,Server,1,3
Intel Xeon L5530 @ 2.40GHz,148.37,60.0,2011-10-01,LGA1366,Server,2400.0,2660.0,1,4,2,1976,3,Intel,Server,1,3
Intel Xeon L5630 @ 2.13GHz,98.97,40.0,2010-01-01,LGA1366,Server,2130.0,2400.0,1,4,2,1799,21,Intel,Server,1,3
Intel Xeon L5638 @ 2.00GHz,69.9,60.0,2011-04-01,LGA1366,Server,2000.0,2400.0,1,6,2,1575,14,Intel,Server,1,3
Intel Xeon L5640 @ 2.27GHz,72.63,60.0,2010-09-01,LGA1366,Server,2270.0,2800.0,1,6,2,1390,43,Intel,Server,1,3
Intel Xeon Silver 4108 @ 1.80GHz,355.04,85.0,2018-01-01,FCLGA3647,Server,1800.0,3000.0,1,8,2,798,24,Intel,Server,1,3
Intel Xeon Silver 4109T @ 2.00GHz,562.78,70.0,2018-04-01,FCLGA3647,Server,2000.0,3000.0,1,8,2,733,4,Intel,Server,1,3
Intel Xeon Silver 4110 @ 2.10GHz,510.0,85.0,2017-10-01,FCLGA3647,Server,2100.0,3000.0,1,8,2,742,50,Intel,Server,1,3
Intel Xeon Silver 4112 @ 2.60GHz,226.0,85.0,2018-02-01,FCLGA3647,Server,2600.0,3000.0,1,4,2,1095,10,Intel,Server,1,3
Intel Xeon Silver 4114 @ 2.20GHz,697.0,85.0,2017-10-01,FCLGA3647,Server,2200.0,3000.0,1,10,2,621,54,Intel,Server,1,3
Intel Xeon Silver 4116 @ 2.10GHz,389.98,85.0,2018-01-01,FCLGA3647,Server,2100.0,3000.0,1,12,2,513,18,Intel,Server,1,3
Intel Xeon Silver 4116T @ 2.10GHz,1112.0,85.0,2021-02-01,FCLGA3647,Server,2100.0,3000.0,1,12,2,504,1,Intel,Server,1,3
Intel Xeon Silver 4208 @ 2.10GHz,475.99,85.0,2019-07-01,FCLGA3647,Server,2100.0,3200.0,1,8,2,685,11,Intel,Server,1,3
Intel Xeon Silver 4210 @ 2.20GHz,469.0,85.0,2019-08-01,FCLGA3647,Server,2200.0,3200.0,1,10,2,555,12,Intel,Server,1,3
Intel Xeon Silver 4210R @ 2.40GHz,474.0,100.0,2020-06-01,FCLGA3647,Server,2400.0,3200.0,1,10,2,503,17,Intel,Server,1,3
Intel Xeon Silver 4214 @ 2.20GHz,709.0,85.0,2019-09-01,FCLGA3647,Server,2200.0,3200.0,1,12,2,471,18,Intel,Server,1,3
Intel Xeon Silver 4214R @ 2.40GHz,645.0,100.0,2020-05-01,FCLGA3647,Server,2400.0,3500.0,1,12,2,402,10,Intel,Server,1,3
Intel Xeon Silver 4214Y @ 2.20GHz,768.0,85.0,2020-06-01,FCLGA3647,Server,2200.0,3200.0,1,12,2,502,1,Intel,Server,1,3
Intel Xeon Silver 4215 @ 2.50GHz,681.51,85.0,2019-06-01,FCLGA3647,Server,2500.0,3500.0,1,8,2,539,2,Intel,Server,1,3
Intel Xeon Silver 4215R @ 3.20GHz,785.0,130.0,2020-10-01,FCLGA3647,Server,3200.0,4000.0,1,8,2,509,5,Intel,Server,1,3
Intel Xeon Silver 4216 @ 2.10GHz,1054.46,100.0,2019-08-01,FCLGA3647,Server,2100.0,3200.0,1,16,2,343,6,Intel,Server,1,3
Intel Xeon Silver 4309Y @ 2.80GHz,736.99,105.0,2021-07-01,FCLGA4189,Server,2800.0,3600.0,1,8,2,373,1,Intel,Server,1,3
Intel Xeon Silver 4310 @ 2.10GHz,551.2,120.0,2021-05-01,FCLGA4189,Server,2100.0,3300.0,1,12,2,238,7,Intel,Server,1,3
Intel Xeon Silver 4310T @ 2.30GHz,783.99,105.0,2021-09-01,FCLGA4189,Server,2300.0,3400.0,1,10,2,309,1,Intel,Server,1,3
Intel Xeon Silver 4314 @ 2.40GHz,785.5,135.0,2021-08-01,FCLGA4189,Server,2400.0,3400.0,1,16,2,146,11,Intel,Server,1,3
Intel Xeon Silver 4316 @ 2.30GHz,1090.0,150.0,2021-08-01,FCLGA4189,Server,2300.0,3400.0,1,20,2,90,1,Intel,Server,1,3
Intel Xeon W-10855M @ 2.80GHz,450.0,45.0,2020-08-01,FCBGA1440,"Laptop, Server",2800.0,5100.0,1,6,2,619,65,Intel,Server,1,3
Intel Xeon W-10885M @ 2.40GHz,623.0,45.0,2020-06-01,FCBGA1440,"Laptop, Server",2400.0,5300.0,1,8,2,470,90,Intel,Server,1,3
Intel Xeon W-11555MLE @ 1.90GHz,348.0,25.0,2022-11-01,FCBGA1787,Server,1900.0,4400.0,1,6,2,632,5,Intel,Server,1,3
Intel Xeon W-11855M @ 3.20GHz,450.0,45.0,2021-06-01,FCBGA1787,"Laptop, Server",3200.0,4900.0,1,6,2,390,54,Intel,Server,1,3
Intel Xeon W-11865MLE @ 1.50GHz,467.0,25.0,2022-06-01,FCBGA1787,"Server, Mobile/Embedded",1500.0,4500.0,1,8,2,473,4,Intel,Server,1,3
Intel Xeon W-11865MRE @ 2.60GHz,480.0,45.0,2022-06-01,FCBGA1787,"Server, Mobile/Embedded",2600.0,4700.0,1,8,2,234,1,Intel,Server,1,3
Intel Xeon W-11955M @ 2.60GHz,623.0,45.0,2021-06-01,FCBGA1787,"Laptop, Server",2600.0,5000.0,1,8,2,243,74,Intel,Server,1,3
Intel Xeon W-1250 @ 3.30GHz,332.39,80.0,2020-08-01,FCLGA1200,Server,3300.0,4700.0,1,6,2,569,29,Intel,Server,1,3
Intel Xeon W-1250E @ 3.50GHz,260.0,80.0,2022-07-01,FCLGA1200,Server,3500.0,4700.0,1,6,2,567,1,Intel,Server,1,3
Intel Xeon W-1250P @ 4.10GHz,321.5,125.0,2021-05-01,FCLGA1200,"Desktop, Server",4100.0,4800.0,1,6,2,538,4,Intel,Server,1,3
Intel Xeon W-1270 @ 3.40GHz,362.0,80.0,2020-07-01,FCLGA1200,Server,3400.0,5000.0,1,8,2,417,9,Intel,Server,1,3
Intel Xeon W-1270E @ 3.40GHz,367.0,80.0,2022-01-01,FCLGA1200,"Server, Mobile/Embedded",3400.0,4800.0,1,8,2,385,3,Intel,Server,1,3
Intel Xeon W-1270P @ 3.80GHz,465.99,95.0,2020-09-01,FCLGA1200,Server,3800.0,5100.0,1,8,2,364,4,Intel,Server,1,3
Intel Xeon W-1270TE @ 2.00GHz,367.0,35.0,2021-10-01,FCLGA1200,Server,2000.0,4400.0,1,8,2,584,1,Intel,Server,1,3
Intel Xeon W-1290 @ 3.20GHz,588.67,80.0,2020-08-01,FCLGA1200,Server,3200.0,5200.0,1,10,2,338,28,Intel,Server,1,3
Intel Xeon W-1290E @ 3.50GHz,500.0,95.0,2021-04-01,FCLGA1200,Server,3500.0,4800.0,1,10,2,281,4,Intel,Server,1,3
Intel Xeon W-1290P @ 3.70GHz,649.4,125.0,2020-08-01,FCLGA1200,Server,3700.0,5300.0,1,10,2,260,34,Intel,Server,1,3
Intel Xeon W-1290T @ 1.90GHz,494.0,35.0,2021-01-01,FCLGA1200,Server,1900.0,4700.0,1,10,2,392,1,Intel,Server,1,3
Intel Xeon W-1350 @ 3.30GHz,283.99,80.0,2021-06-01,FCLGA1200,Server,3300.0,5000.0,1,6,2,371,19,Intel,Server,1,3
Intel Xeon W-1350P @ 4.00GHz,355.99,65.0,2021-11-01,FCLGA1200,Server,4000.0,5100.0,1,6,2,344,8,Intel,Server,1,3
Intel Xeon W-1370 @ 2.90GHz,429.99,80.0,2021-09-01,FCLGA1200,"Desktop, Server",2900.0,5100.0,1,8,2,227,9,Intel,Server,1,3
Intel Xeon W-1370P @ 3.60GHz,513.99,125.0,2021-06-01,FCLGA1200,"Desktop, Server",3600.0,5200.0,1,8,2,208,5,Intel,Server,1,3
Intel Xeon W-1390 @ 2.80GHz,579.99,80.0,2021-11-01,FCLGA1200,Server,2800.0,5200.0,1,8,2,228,5,Intel,Server,1,3
Intel Xeon W-2102 @ 2.90GHz,286.99,120.0,2018-06-01,FCLGA2066,Server,2900.0,0.0,1,4,1,1318,32,Intel,Server,1,3
Intel Xeon W-2104 @ 3.20GHz,255.0,120.0,2018-10-01,FCLGA2066,Server,3200.0,0.0,1,4,1,1193,10,Intel,Server,1,3
Intel Xeon W-2123 @ 3.60GHz,427.11,120.0,2017-11-01,FCLGA2066,Server,3600.0,3900.0,1,4,2,851,199,Intel,Server,1,3
Intel Xeon W-2125 @ 4.00GHz,998.95,120.0,2017-12-01,FCLGA2066,Server,4000.0,4500.0,1,4,2,754,181,Intel,Server,1,3
Intel Xeon W-2133 @ 3.60GHz,617.0,140.0,2017-09-01,FCLGA2066,Server,3600.0,3900.0,1,6,2,631,121,Intel,Server,1,3
Intel Xeon W-2135 @ 3.70GHz,1007.7,140.0,2017-11-01,FCLGA2066,Server,3700.0,4500.0,1,6,2,557,89,Intel,Server,1,3
Intel Xeon W-2175 @ 2.50GHz,429.0,140.0,2019-02-01,FCLGA2066,Server,2500.0,4300.0,1,14,2,246,30,Intel,Server,1,3
Intel Xeon W-2223 @ 3.60GHz,329.99,120.0,2020-04-01,FCLGA2066,Server,3600.0,3900.0,1,4,2,835,31,Intel,Server,1,3
Intel Xeon W-2225 @ 4.10GHz,542.6,105.0,2020-03-01,FCLGA2066,Server,4100.0,4600.0,1,4,2,710,41,Intel,Server,1,3
Intel Xeon W-2235 @ 3.80GHz,849.99,130.0,2020-08-01,FCLGA2066,Server,3800.0,4600.0,1,6,2,548,31,Intel,Server,1,3
Intel Xeon W-2245 @ 3.90GHz,840.16,155.0,2020-04-01,FCLGA2066,Server,3900.0,4700.0,1,8,2,359,61,Intel,Server,1,3
Intel Xeon W-2255 @ 3.70GHz,778.0,165.0,2020-03-01,FCLGA2066,"Desktop, Server",3700.0,4700.0,1,10,2,273,32,Intel,Server,1,3
Intel Xeon W-2265 @ 3.50GHz,1082.13,165.0,2020-08-01,FCLGA2066,Server,3500.0,4600.0,1,12,2,193,15,Intel,Server,1,3
Intel Xeon W-2275 @ 3.30GHz,1112.0,165.0,2020-12-01,FCLGA2066,Desktop,3300.0,4800.0,1,14,2,165,20,Intel,Desain & Streaming,1,1
Intel Xeon W-3223 @ 3.50GHz,820.55,160.0,2020-08-01,FCLGA3647,Server,3500.0,4000.0,1,8,2,429,20,Intel,Server,1,3
Intel Xeon W-3323 @ 3.50GHz,949.0,220.0,2021-10-01,FCLGA4189,"Desktop, Server",3500.0,3900.0,1,12,2,194,1,Intel,Server,1,3
Intel Xeon W3503 @ 2.40GHz,9.99,130.0,2009-05-01,LGA1366,Server,2400.0,0.0,1,2,1,2919,161,Intel,Server,1,3
Intel Xeon W3505 @ 2.53GHz,14.86,130.0,2009-04-01,LGA1366,Server,2530.0,0.0,1,2,1,2837,92,Intel,Server,1,3
Intel Xeon W3520 @ 2.67GHz,59.0,130.0,2009-03-01,LGA1366,Server,2670.0,2930.0,1,4,2,1867,465,Intel,Server,1,3
Intel Xeon W3530 @ 2.80GHz,338.14,130.0,2010-05-01,LGA1366,Server,2800.0,3060.0,1,4,2,1782,411,Intel,Server,1,3
Intel Xeon W3540 @ 2.93GHz,507.0,130.0,2009-06-01,LGA1366,Server,2930.0,3200.0,1,4,2,1787,87,Intel,Server,1,3
Intel Xeon W3550 @ 3.07GHz,49.95,130.0,2009-09-01,LGA1366,Server,3070.0,3330.0,1,4,2,1724,463,Intel,Server,1,3
Intel Xeon W3565 @ 3.20GHz,59.95,130.0,2009-12-01,LGA1366,Server,3200.0,3460.0,1,4,2,1671,426,Intel,Server,1,3
Intel Xeon W3570 @ 3.20GHz,469.95,130.0,2009-07-01,LGA1366,Server,3200.0,3460.0,1,4,2,1728,59,Intel,Server,1,3
Intel Xeon W3580 @ 3.33GHz,214.5,130.0,2009-11-01,LGA1366,Server,3330.0,3600.0,1,4,2,1612,78,Intel,Server,1,3
Intel Xeon W3670 @ 3.20GHz,295.19,130.0,2011-04-01,LGA1366,Server,3200.0,3460.0,1,6,2,1090,141,Intel,Server,1,3
Intel Xeon W3680 @ 3.33GHz,350.19,130.0,2010-04-01,LGA1366,Server,3330.0,3600.0,1,6,2,1041,404,Intel,Server,1,3
Intel Xeon W3690 @ 3.47GHz,450.19,130.0,2011-03-01,LGA1366,Server,3470.0,3730.0,1,6,2,989,401,Intel,Server,1,3
Intel Xeon W5580 @ 3.20GHz,864.0,130.0,2009-03-01,LGA1366,Server,3200.0,3460.0,1,4,2,1657,32,Intel,Server,1,3
Intel Xeon X3210 @ 2.13GHz,185.71,105.0,2008-12-01,LGA775,Server,2130.0,0.0,1,4,1,2714,37,Intel,Server,1,3
Intel Xeon X3220 @ 2.40GHz,66.14,105.0,2009-04-01,LGA775,Server,2400.0,0.0,1,4,1,2293,100,Intel,Server,1,3
Intel Xeon X3230 @ 2.66GHz,349.95,95.0,2009-06-01,LGA775,Server,2660.0,0.0,1,4,1,2230,52,Intel,Server,1,3
Intel Xeon X3320 @ 2.50GHz,229.5,95.0,2009-10-01,LGA775,Server,2500.0,0.0,1,4,1,2261,43,Intel,Server,1,3
Intel Xeon X3323 @ 2.50GHz,19.36,80.0,2014-06-01,LGA775,Server,2500.0,0.0,1,4,1,2358,36,Intel,Server,1,3
Intel Xeon X3330 @ 2.66GHz,210.0,95.0,2010-04-01,LGA775,Server,2660.0,0.0,1,4,1,2222,55,Intel,Server,1,3
Intel Xeon X3350 @ 2.66GHz,59.99,95.0,2008-12-01,LGA775,Server,2660.0,0.0,1,4,1,2169,18,Intel,Server,1,3
Intel Xeon X3353 @ 2.66GHz,73.5,80.0,2014-04-01,LGA775,Server,2660.0,0.0,1,4,1,2138,12,Intel,Server,1,3
Intel Xeon X3360 @ 2.83GHz,39.99,95.0,2009-04-01,LGA775,Server,2830.0,0.0,1,4,1,2065,143,Intel,Server,1,3
Intel Xeon X3363 @ 2.83GHz,87.6,80.0,2013-10-01,LGA771,Server,2830.0,0.0,1,4,1,2087,137,Intel,Server,1,3
Intel Xeon X3370 @ 3.00GHz,40.0,95.0,2009-05-01,LGA775,Server,3000.0,0.0,1,4,1,1980,55,Intel,Server,1,3
Intel Xeon X3380 @ 3.16GHz,509.95,95.0,2009-01-01,LGA775,Server,3160.0,0.0,1,4,1,2083,16,Intel,Server,1,3
Intel Xeon X3430 @ 2.40GHz,72.25,95.0,2009-11-01,LGA1156,Server,2400.0,2800.0,1,4,1,2080,199,Intel,Server,1,3
Intel Xeon X3440 @ 2.53GHz,50.0,95.0,2009-10-01,LGA1156,Server,2530.0,2930.0,1,4,2,1895,140,Intel,Server,1,3
Intel Xeon X3450 @ 2.67GHz,83.33,95.0,2009-11-01,LGA1156,Server,2670.0,3200.0,1,4,2,1864,155,Intel,Server,1,3
Intel Xeon X3460 @ 2.80GHz,73.04,95.0,2010-01-01,LGA1156,Server,2800.0,3460.0,1,4,2,1855,60,Intel,Server,1,3
Intel Xeon X3470 @ 2.93GHz,97.19,95.0,2010-07-01,LGA1156,Server,2930.0,3600.0,1,4,2,1712,337,Intel,Server,1,3
Intel Xeon X5260 @ 3.33GHz,13.0,80.0,2009-03-01,LGA771,Server,3330.0,0.0,1,2,1,2762,44,Intel,Server,1,3
Intel Xeon X5272 @ 3.40GHz,140.0,80.0,2009-03-01,LGA771,Server,3400.0,0.0,1,2,1,2604,9,Intel,Server,1,3
Intel Xeon X5355 @ 2.66GHz,299.95,120.0,2009-03-01,LGA771,Server,2660.0,0.0,1,4,1,2263,51,Intel,Server,1,3
Intel Xeon X5365 @ 3.00GHz,62.99,150.0,2009-03-01,LGA771,Server,3000.0,0.0,1,4,1,2071,12,Intel,Server,1,3
Intel Xeon X5450 @ 3.00GHz,49.96,120.0,2009-02-01,LGA771,Server,3000.0,0.0,1,4,1,2027,470,Intel,Server,1,3
Intel Xeon X5460 @ 3.16GHz,219.55,120.0,2009-02-01,LGA771,Server,3160.0,0.0,1,4,1,1962,722,Intel,Server,1,3
Intel Xeon X5470 @ 3.33GHz,179.95,120.0,2009-03-01,LGA771,Server,3330.0,0.0,1,4,1,1883,156,Intel,Server,1,3
Intel Xeon X5472 @ 3.00GHz,225.0,120.0,2009-03-01,LGA771,Server,3000.0,0.0,1,4,1,2144,45,Intel,Server,1,3
Intel Xeon X5482 @ 3.20GHz,99.95,150.0,2009-03-01,LGA771,Server,3200.0,0.0,1,4,1,1932,62,Intel,Server,1,3
Intel Xeon X5550 @ 2.67GHz,49.0,95.0,2009-04-01,LGA1366,Server,2670.0,3060.0,1,4,2,1806,101,Intel,Server,1,3
Intel Xeon X5560 @ 2.80GHz,71.0,95.0,2009-04-01,LGA1366,Server,2800.0,3200.0,1,4,2,1749,75,Intel,Server,1,3
Intel Xeon X5570 @ 2.93GHz,100.0,95.0,2009-05-01,LGA1366,Server,2930.0,3333.0,1,4,2,1703,148,Intel,Server,1,3
Intel Xeon X5647 @ 2.93GHz,19.93,130.0,2011-07-01,LGA1366,Server,2930.0,3200.0,1,4,2,1423,33,Intel,Server,1,3
Intel Xeon X5650 @ 2.67GHz,49.0,95.0,2010-02-01,LGA1366,Server,2670.0,3060.0,1,6,2,1215,698,Intel,Server,1,3
Intel Xeon X5660 @ 2.80GHz,54.07,95.0,2010-04-01,LGA1366,Server,2800.0,3200.0,1,6,2,1151,278,Intel,Server,1,3
Intel Xeon X5667 @ 3.07GHz,18.04,95.0,2010-07-01,LGA1366,Server,3070.0,3460.0,1,4,2,1403,27,Intel,Server,1,3
Intel Xeon X5670 @ 2.93GHz,21.85,95.0,2010-03-01,LGA1366,Server,2930.0,3330.0,1,6,2,1157,387,Intel,Server,1,3
Intel Xeon X5672 @ 3.20GHz,44.99,95.0,2011-09-01,LGA1366,Server,3200.0,3600.0,1,4,2,1332,23,Intel,Server,1,3
Intel Xeon X5675 @ 3.07GHz,67.0,95.0,2011-02-01,LGA1366,Server,3070.0,3460.0,1,6,2,1099,307,Intel,Server,1,3
Intel Xeon X5677 @ 3.47GHz,110.0,130.0,2010-03-01,LGA1366,Server,3470.0,3730.0,1,4,2,1329,75,Intel,Server,1,3
Intel Xeon X5680 @ 3.33GHz,165.0,130.0,2010-04-01,LGA1366,Server,3330.0,3600.0,1,6,2,1057,254,Intel,Server,1,3
Intel Xeon X5687 @ 3.60GHz,189.95,130.0,2011-04-01,LGA1366,Server,3600.0,3860.0,1,4,2,1289,118,Intel,Server,1,3
Intel Xeon X5690 @ 3.47GHz,169.47,130.0,2011-03-01,LGA1366,Server,3470.0,3730.0,1,6,2,1034,296,Intel,Server,1,3
Intel Xeon X6550 @ 2.00GHz,79.0,130.0,2013-12-01,LGA1567,Server,2000.0,2400.0,1,4,1,2294,1,Intel,Server,1,3
Mobile Intel Pentium 4 - M 1.70GHz,275.0,0.0,2009-03-01,Unknown,Laptop,1700.0,0.0,1,1,1,3980,5,Intel,Casual / Office,1,0
AMD EPYC 7282,818.68,120.0,2019-12-01,SP3,Server,2800.0,3200.0,2,16,2,80,1,AMD,Server,0,3
AMD Opteron 2218,192.82,95.0,2009-03-01,F (1207),Server,2600.0,0.0,2,2,1,437,1,AMD,Server,0,3
AMD Opteron 2354,570.38,115.0,2013-09-01,F (1207),Server,2200.0,0.0,2,4,1,428,1,AMD,Server,0,3
AMD Opteron 2356,159.9,75.0,2009-08-01,F (1207),Server,2300.0,0.0,2,4,1,430,2,AMD,Server,0,3
AMD Opteron 2374 HE,110.0,55.0,2010-04-01,F (1207),Server,2200.0,0.0,2,4,1,423,1,AMD,Server,0,3
AMD Opteron 2427,110.0,75.0,2011-07-01,F (1207),Server,2200.0,0.0,2,6,1,405,1,AMD,Server,0,3
AMD Opteron 2435,21.9,75.0,2013-03-01,F (1207),Server,2600.0,0.0,2,6,1,389,2,AMD,Server,0,3
AMD Opteron 285,49.9,95.0,2009-04-01,940,Server,2600.0,0.0,2,2,1,445,1,AMD,Server,0,3
AMD Opteron 290,270.0,95.0,2009-06-01,940,Server,2800.0,0.0,2,2,1,446,1,AMD,Server,0,3
AMD Opteron 4130,459.9,95.0,2016-05-01,F (1207),Server,2600.0,3200.0,2,4,1,413,1,AMD,Server,0,3
AMD Opteron 4284,203.68,95.0,2013-02-01,Socket C32,Server,3000.0,3300.0,2,4,2,344,1,AMD,Server,0,3
AMD Opteron 4386,479.34,95.0,2014-06-01,C32,Server,3100.0,3800.0,2,4,2,338,8,AMD,Server,0,3
AMD Opteron 6128,538.0,115.0,2010-04-01,G34,Server,2000.0,0.0,2,8,1,376,4,AMD,Server,0,3
AMD Opteron 6134,204.4,115.0,2010-12-01,G34,Server,2300.0,0.0,2,8,1,380,1,AMD,Server,0,3
AMD Opteron 6136,698.0,115.0,2013-06-01,Socket G34,Server,2400.0,0.0,2,8,1,353,1,AMD,Server,0,3
AMD Opteron 6176 SE,499.78,140.0,2010-08-01,G34,Server,2300.0,0.0,2,12,1,358,2,AMD,Server,0,3
AMD Opteron 6220,400.2,115.0,2013-07-01,Socket G34,Server,3000.0,3600.0,2,4,2,354,2,AMD,Server,0,3
AMD Opteron 6234,901.98,115.0,2012-01-01,G34,Server,2400.0,3000.0,2,6,2,343,1,AMD,Server,0,3
AMD Opteron 6272,140.0,115.0,2011-12-01,G34,Server,2100.0,3000.0,2,8,2,339,1,AMD,Server,0,3
AMD Opteron 6276,131.92,115.0,2013-03-01,Socket G34,Server,2300.0,2600.0,4,8,2,312,1,AMD,Server,0,3
AMD Opteron 6276,65.96,115.0,2013-03-01,Socket G34,Server,2300.0,2600.0,2,8,2,328,4,AMD,Server,0,3
AMD Opteron 6278,512.0,115.0,2013-03-01,Unknown,Server,2400.0,2700.0,4,16,1,278,1,AMD,Server,0,3
AMD Opteron 6366 HE,687.98,85.0,2014-04-01,Unknown,Server,1800.0,2300.0,2,8,2,318,1,AMD,Server,0,3
AMD Opteron 8356,812.04,75.0,2014-05-01,F (1207),Server,2300.0,0.0,4,4,1,387,1,AMD,Server,0,3
AMD Opteron 8378,352.84,115.0,2014-08-01,F (1207),Server,2400.0,0.0,4,4,1,359,4,AMD,Server,0,3
AMD Opteron 8439 SE,104.0,105.0,2013-02-01,F (1207),Server,2800.0,0.0,2,6,1,374,10,AMD,Server,0,3
Intel Core i5-12400F,352.9,65.0,2022-01-01,FCLGA1700,Desktop,2500.0,4400.0,2,6,2,235,1,Intel,Gaming,1,2
Intel Xeon 5110 @ 1.60GHz,70.0,65.0,2009-03-01,LGA771,Server,1600.0,0.0,2,2,1,447,1,Intel,Server,1,3
Intel Xeon 5130 @ 2.00GHz,97.98,65.0,2009-02-01,LGA771,Server,2000.0,0.0,2,2,1,441,2,Intel,Server,1,3
Intel Xeon 5140 @ 2.33GHz,73.98,65.0,2009-03-01,LGA771,Server,2330.0,0.0,2,2,1,439,7,Intel,Server,1,3
Intel Xeon 5150 @ 2.66GHz,61.98,65.0,2009-02-01,LGA771,Server,2660.0,0.0,2,2,1,436,8,Intel,Server,1,3
Intel Xeon 5160 @ 3.00GHz,87.0,80.0,2009-02-01,LGA771,Server,3000.0,0.0,2,2,1,435,5,Intel,Server,1,3
Intel Xeon Bronze 3104 @ 1.70GHz,398.0,85.0,2018-01-01,FCLGA3647,Server,1700.0,0.0,2,6,1,351,8,Intel,Server,1,3
Intel Xeon Bronze 3106 @ 1.70GHz,968.56,85.0,2018-04-01,FCLGA3647,Server,1700.0,0.0,2,8,1,324,1,Intel,Server,1,3
Intel Xeon Bronze 3206R @ 1.90GHz,612.0,85.0,2021-06-01,FCLGA3647,Server,1900.0,0.0,2,8,1,309,1,Intel,Server,1,3
Intel Xeon E5-2407 @ 2.20GHz,650.06,80.0,2012-01-01,LGA 1356,Server,2200.0,0.0,2,4,1,386,4,Intel,Server,1,3
Intel Xeon E5-2407 v2 @ 2.40GHz,299.0,80.0,2014-09-01,FCLGA1356,Server,2400.0,0.0,2,4,1,373,6,Intel,Server,1,3
Intel Xeon E5-2420 @ 1.90GHz,310.0,95.0,2012-06-01,LGA1356,Server,1900.0,2400.0,2,6,2,337,6,Intel,Server,1,3
Intel Xeon E5-2420 v2 @ 2.20GHz,135.04,80.0,2014-04-01,FCLGA1356,Server,2200.0,2700.0,2,6,2,301,2,Intel,Server,1,3
Intel Xeon E5-2428L @ 1.80GHz,154.0,60.0,2017-09-01,FCLGA1356,Server,1800.0,2000.0,2,6,2,347,1,Intel,Server,1,3
Intel Xeon E5-2430 @ 2.20GHz,629.9,95.0,2012-01-01,LGA 1356,Server,2200.0,2700.0,2,6,2,335,1,Intel,Server,1,3
Intel Xeon E5-2430 v2 @ 2.50GHz,325.0,80.0,2014-07-01,LGA 1356,Server,2500.0,3000.0,2,6,2,293,5,Intel,Server,1,3
Intel Xeon E5-2430L @ 2.00GHz,64.56,60.0,2017-12-01,FCLGA1356,Server,2000.0,2500.0,2,6,2,331,2,Intel,Server,1,3
Intel Xeon E5-2440 @ 2.40GHz,340.0,95.0,2014-03-01,LGA 1356,Server,2400.0,2700.0,2,6,2,314,3,Intel,Server,1,3
Intel Xeon E5-2450 @ 2.10GHz,128.0,95.0,2015-04-01,LGA 1356,Server,2100.0,2900.0,2,8,2,313,6,Intel,Server,1,3
Intel Xeon E5-2450 v2 @ 2.50GHz,591.9,95.0,2017-08-01,LGA 1356,Server,2500.0,3300.0,2,8,2,264,6,Intel,Server,1,3
Intel Xeon E5-2450L @ 1.80GHz,156.0,70.0,2015-08-01,LGA 1356,Server,1800.0,2300.0,2,8,2,299,4,Intel,Server,1,3
Intel Xeon E5-2470 @ 2.30GHz,280.0,95.0,2013-08-01,LGA 1356,Server,2300.0,3100.0,2,8,2,270,5,Intel,Server,1,3
Intel Xeon E5-2470 v2 @ 2.40GHz,416.9,95.0,2016-02-01,LGA 1356,Server,2400.0,3200.0,2,10,2,248,14,Intel,Server,1,3
Intel Xeon E5-2603 @ 1.80GHz,131.54,80.0,2012-01-01,LGA 2011,Server,1800.0,0.0,2,4,1,407,2,Intel,Server,1,3
Intel Xeon E5-2603 v2 @ 1.80GHz,106.98,80.0,2014-11-01,LGA 2011,Server,1800.0,0.0,2,4,1,394,4,Intel,Server,1,3
Intel Xeon E5-2603 v3 @ 1.60GHz,101.08,85.0,2015-01-01,LGA2011-v3,Server,1600.0,0.0,2,6,1,369,4,Intel,Server,1,3
Intel Xeon E5-2603 v4 @ 1.70GHz,366.9,85.0,2016-07-01,FCLGA2011-3,Server,1700.0,0.0,2,6,1,355,3,Intel,Server,1,3
Intel Xeon E5-2609 @ 2.40GHz,124.0,80.0,2012-04-01,LGA2011,Server,2400.0,0.0,2,4,1,381,27,Intel,Server,1,3
Intel Xeon E5-2609 v2 @ 2.50GHz,118.92,80.0,2014-04-01,LGA 2011,Server,2500.0,0.0,2,4,1,366,18,Intel,Server,1,3
Intel Xeon E5-2609 v3 @ 1.90GHz,141.98,80.0,2014-11-01,LGA2011-v3,Server,1900.0,0.0,2,6,1,345,18,Intel,Server,1,3
Intel Xeon E5-2609 v4 @ 1.70GHz,629.9,85.0,2016-08-01,FCLGA2011-3,Server,1700.0,0.0,2,8,1,322,11,Intel,Server,1,3
Intel Xeon E5-2620 @ 2.00GHz,87.38,95.0,2012-04-01,LGA2011,Server,2000.0,2500.0,2,6,2,333,66,Intel,Server,1,3
Intel Xeon E5-2620 v2 @ 2.10GHz,84.82,80.0,2013-07-01,FCLGA2011,Server,2100.0,2600.0,2,6,2,311,43,Intel,Server,1,3
Intel Xeon E5-2620 v3 @ 2.40GHz,22.02,85.0,2014-11-01,LGA2011-v3,Server,2400.0,3200.0,2,6,2,280,132,Intel,Server,1,3
Intel Xeon E5-2620 v4 @ 2.10GHz,418.34,85.0,2016-05-01,FCLGA2011-3,Server,2100.0,3000.0,2,8,2,263,45,Intel,Server,1,3
Intel Xeon E5-2623 v3 @ 3.00GHz,499.9,105.0,2015-02-01,LGA2011-v3,Server,3000.0,3500.0,2,4,2,298,16,Intel,Server,1,3
Intel Xeon E5-2623 v4 @ 2.60GHz,118.0,85.0,2016-06-01,FCLGA2011-3,Server,2600.0,3200.0,2,4,2,346,12,Intel,Server,1,3
Intel Xeon E5-2630 @ 2.30GHz,107.64,95.0,2012-04-01,LGA2011,Server,2300.0,2800.0,2,6,2,310,26,Intel,Server,1,3
Intel Xeon E5-2630 v2 @ 2.60GHz,59.98,80.0,2013-07-01,FCLGA2011,Server,2600.0,3100.0,2,6,2,279,52,Intel,Server,1,3
Intel Xeon E5-2630 v3 @ 2.40GHz,127.5,85.0,2014-10-01,LGA2011-v3,Server,2400.0,3200.0,2,8,2,252,66,Intel,Server,1,3
Intel Xeon E5-2630 v4 @ 2.20GHz,460.0,85.0,2016-04-01,FCLGA2011-3,Server,2200.0,3100.0,2,10,2,241,27,Intel,Server,1,3
Intel Xeon E5-2630L v2 @ 2.40GHz,166.12,60.0,2014-11-01,LGA 2011,Server,2400.0,2800.0,2,6,2,295,7,Intel,Server,1,3
Intel Xeon E5-2630L v3 @ 1.80GHz,158.0,55.0,2016-06-01,LGA2011-v3,Server,1800.0,2900.0,2,8,2,272,11,Intel,Server,1,3
Intel Xeon E5-2630L v4 @ 1.80GHz,196.0,55.0,2017-01-01,FCLGA2011-3,Server,1800.0,2900.0,2,10,2,232,2,Intel,Server,1,3
Intel Xeon E5-2637 @ 3.00GHz,158.0,80.0,2018-04-01,FCLGA2011,Server,3000.0,3500.0,2,2,2,383,1,Intel,Server,1,3
Intel Xeon E5-2637 v2 @ 3.50GHz,152.0,130.0,2014-03-01,LGA 2011,Server,3500.0,3800.0,2,4,2,297,16,Intel,Server,1,3
Intel Xeon E5-2637 v3 @ 3.50GHz,99.98,135.0,2014-10-01,LGA2011-v3,Server,3500.0,3700.0,2,4,2,285,36,Intel,Server,1,3
Intel Xeon E5-2637 v4 @ 3.50GHz,264.0,135.0,2016-05-01,FCLGA2011-3,Server,3500.0,3700.0,2,4,2,275,12,Intel,Server,1,3
Intel Xeon E5-2640 @ 2.50GHz,135.12,95.0,2012-04-01,LGA2011,Server,2500.0,3000.0,2,6,2,302,42,Intel,Server,1,3
Intel Xeon E5-2640 v2 @ 2.00GHz,128.0,95.0,2014-02-01,LGA 2011,Server,2000.0,2500.0,2,8,2,283,9,Intel,Server,1,3
Intel Xeon E5-2640 v3 @ 2.60GHz,272.0,90.0,2014-09-01,LGA2011-v3,Server,2600.0,3400.0,2,8,2,249,40,Intel,Server,1,3
Intel Xeon E5-2640 v4 @ 2.40GHz,842.9,90.0,2016-04-01,FCLGA2011-3,Server,2400.0,3400.0,2,10,2,223,22,Intel,Server,1,3
Intel Xeon E5-2643 @ 3.30GHz,286.0,130.0,2012-06-01,LGA2011,Server,3300.0,3500.0,2,4,2,329,35,Intel,Server,1,3
Intel Xeon E5-2643 v2 @ 3.50GHz,59.9,130.0,2013-07-01,FCLGA2011,Server,3500.0,3800.0,2,6,2,253,22,Intel,Server,1,3
Intel Xeon E5-2643 v4 @ 3.40GHz,629.34,135.0,2016-06-01,FCLGA2011-3,Server,3400.0,3700.0,2,6,2,237,7,Intel,Server,1,3
Intel Xeon E5-2650 @ 2.00GHz,125.88,95.0,2012-03-01,LGA2011,Server,2000.0,2800.0,2,8,2,286,45,Intel,Server,1,3
Intel Xeon E5-2650 v2 @ 2.60GHz,120.0,95.0,2013-07-01,FCLGA2011,Server,2600.0,3400.0,2,8,2,250,111,Intel,Server,1,3
Intel Xeon E5-2650 v3 @ 2.30GHz,171.64,105.0,2014-09-01,LGA2011-v3,Server,2300.0,3000.0,2,10,2,238,50,Intel,Server,1,3
Intel Xeon E5-2650 v4 @ 2.20GHz,369.98,105.0,2016-06-01,FCLGA2011-3,Server,2200.0,2900.0,2,12,2,207,23,Intel,Server,1,3
Intel Xeon E5-2650L @ 1.80GHz,98.0,70.0,2012-01-01,LGA 2011,Server,1800.0,2300.0,2,8,2,307,2,Intel,Server,1,3
Intel Xeon E5-2650L v2 @ 1.70GHz,260.0,70.0,2017-03-01,FCLGA2011,Server,1700.0,2100.0,2,10,2,273,13,Intel,Server,1,3
Intel Xeon E5-2650L v4 @ 1.70GHz,239.98,65.0,2017-07-01,FCLGA2011-3,Server,1700.0,2500.0,2,14,2,185,2,Intel,Server,1,3
Intel Xeon E5-2651 v2 @ 1.80GHz,556.2,0.0,2016-04-01,LGA 2011,Server,1800.0,2200.0,2,12,2,267,4,Intel,Server,1,3
Intel Xeon E5-2660 @ 2.20GHz,72.7,95.0,2012-04-01,LGA2011,Server,2200.0,3000.0,2,8,2,276,70,Intel,Server,1,3
Intel Xeon E5-2660 v2 @ 2.20GHz,156.0,95.0,2014-03-01,LGA 2011,Server,2200.0,3000.0,2,10,2,243,16,Intel,Server,1,3
Intel Xeon E5-2660 v3 @ 2.60GHz,271.32,105.0,2014-09-01,LGA2011-v3,Server,2600.0,3300.0,2,10,2,212,65,Intel,Server,1,3
Intel Xeon E5-2660 v4 @ 2.00GHz,467.06,105.0,2016-11-01,FCLGA2011-3,Server,2000.0,3200.0,2,14,2,177,10,Intel,Server,1,3
Intel Xeon E5-2665 @ 2.40GHz,170.0,115.0,2012-06-01,LGA2011,Server,2400.0,3100.0,2,8,2,271,17,Intel,Server,1,3
Intel Xeon E5-2667 @ 2.90GHz,192.38,130.0,2012-08-01,LGA2011,Server,2900.0,3500.0,2,6,2,288,30,Intel,Server,1,3
Intel Xeon E5-2667 v2 @ 3.30GHz,579.9,130.0,2014-02-01,LGA 2011,Server,3300.0,4000.0,2,8,2,221,87,Intel,Server,1,3
Intel Xeon E5-2667 v3 @ 3.20GHz,442.0,135.0,2014-12-01,LGA2011-v3,Server,3200.0,3600.0,2,8,2,220,35,Intel,Server,1,3
Intel Xeon E5-2670 @ 2.60GHz,120.54,115.0,2012-03-01,LGA2011,Server,2600.0,3300.0,2,8,2,266,145,Intel,Server,1,3
Intel Xeon E5-2670 v2 @ 2.50GHz,312.0,115.0,2014-02-01,FCLGA2011,Server,2500.0,3300.0,2,10,2,230,21,Intel,Server,1,3
Intel Xeon E5-2670 v3 @ 2.30GHz,234.88,120.0,2014-08-01,LGA2011-v3,Server,2300.0,3100.0,2,12,2,208,34,Intel,Server,1,3
Intel Xeon E5-2678 v3 @ 2.50GHz,212.38,120.0,2015-08-01,LGA2011-v3,Server,2500.0,3100.0,2,12,2,189,37,Intel,Server,1,3
Intel Xeon E5-2680 v2 @ 2.80GHz,267.06,115.0,2013-07-01,FCLGA2011,Server,2800.0,3600.0,2,10,2,224,75,Intel,Server,1,3
Intel Xeon E5-2680 v3 @ 2.50GHz,388.9,120.0,2014-10-01,LGA2011-v3,Server,2500.0,3300.0,2,12,2,191,91,Intel,Server,1,3
Intel Xeon E5-2680 v4 @ 2.40GHz,562.9,120.0,2016-05-01,FCLGA2011-3,Server,2400.0,3300.0,2,14,2,167,104,Intel,Server,1,3
Intel Xeon E5-2683 v3 @ 2.00GHz,899.9,120.0,2015-02-01,LGA2011-v3,Server,2000.0,3000.0,2,14,2,192,21,Intel,Server,1,3
Intel Xeon E5-2683 v4 @ 2.10GHz,782.0,120.0,2016-12-01,FCLGA2011-3,Server,2100.0,3000.0,2,16,2,170,11,Intel,Server,1,3
Intel Xeon E5-2687W v2 @ 3.40GHz,864.38,150.0,2013-07-01,FCLGA2011,Server,3400.0,4000.0,2,8,2,225,33,Intel,Server,1,3
Intel Xeon E5-2689 @ 2.60GHz,365.5,115.0,2013-03-01,LGA 2011,Server,2600.0,3600.0,2,8,2,260,44,Intel,Server,1,3
Intel Xeon E5-2690 @ 2.90GHz,244.0,135.0,2012-03-01,LGA2011,Server,2900.0,3800.0,2,8,2,257,149,Intel,Server,1,3
Intel Xeon E5-2690 v2 @ 3.00GHz,260.38,130.0,2013-07-01,FCLGA2011,Server,3000.0,3600.0,2,10,2,215,59,Intel,Server,1,3
Intel Xeon E5-2690 v3 @ 2.60GHz,422.38,135.0,2014-09-01,LGA2011-v3,Server,2600.0,3500.0,2,12,2,179,85,Intel,Server,1,3
Intel Xeon E5-2690 v4 @ 2.60GHz,838.12,135.0,2016-05-01,FCLGA2011-3,Server,2600.0,3500.0,2,14,2,147,37,Intel,Server,1,3
Intel Xeon E5-2695 v2 @ 2.40GHz,356.0,115.0,2013-12-01,LGA 2011,Server,2400.0,3200.0,2,12,2,213,27,Intel,Server,1,3
Intel Xeon E5-2695 v3 @ 2.30GHz,331.68,120.0,2014-09-01,LGA2011-v3,Server,2300.0,3300.0,2,14,2,160,13,Intel,Server,1,3
Intel Xeon E5-2697 v2 @ 2.70GHz,382.38,130.0,2013-06-01,FCLGA2011,Server,2700.0,3500.0,2,12,2,201,80,Intel,Server,1,3
Intel Xeon E5-2697 v3 @ 2.60GHz,382.38,145.0,2014-08-01,LGA2011-v3,Server,2600.0,3600.0,2,14,2,172,40,Intel,Server,1,3
Intel Xeon E5-2697 v4 @ 2.30GHz,976.2,145.0,2016-05-01,FCLGA2011-3,Server,2300.0,3600.0,2,18,2,125,27,Intel,Server,1,3
Intel Xeon E5-2699 v3 @ 2.30GHz,1094.42,145.0,2014-09-01,LGA2011-v3,Server,2300.0,3600.0,2,18,2,138,46,Intel,Server,1,3
Intel Xeon E5-4603 @ 2.00GHz,264.38,95.0,2014-03-01,LGA 2011,Server,2000.0,0.0,2,4,2,367,1,Intel,Server,1,3
Intel Xeon E5-4610 @ 2.40GHz,860.76,95.0,2018-11-01,FCLGA2011,Server,2400.0,2900.0,4,6,2,202,1,Intel,Server,1,3
Intel Xeon E5-4610 v4 @ 1.80GHz,845.0,105.0,2021-09-01,FCLGA2011-3,Server,1800.0,1800.0,2,10,2,269,1,Intel,Server,1,3
Intel Xeon E5-4617 @ 2.90GHz,143.52,130.0,2014-02-01,LGA 2011,Server,2900.0,3400.0,4,6,1,254,1,Intel,Server,1,3
Intel Xeon E5-4617 @ 2.90GHz,71.76,130.0,2014-02-01,LGA 2011,Server,2900.0,3400.0,2,6,1,306,1,Intel,Server,1,3
Intel Xeon E5-4620 @ 2.20GHz,100.0,95.0,2015-10-01,LGA 2011,Server,2200.0,2600.0,2,8,2,303,1,Intel,Server,1,3
Intel Xeon E5-4620 v2 @ 2.60GHz,364.0,95.0,2015-10-01,FCLGA2011,Server,2600.0,3000.0,4,8,2,244,15,Intel,Server,1,3
Intel Xeon E5-4620 v2 @ 2.60GHz,182.0,95.0,2015-10-01,FCLGA2011,Server,2600.0,3000.0,2,8,2,255,6,Intel,Server,1,3
Intel Xeon E5-4627 v2 @ 3.30GHz,997.9,130.0,2015-04-01,FCLGA2011,Server,3300.0,3600.0,2,8,1,265,2,Intel,Server,1,3
Intel Xeon E5-4640 @ 2.40GHz,235.36,95.0,2012-08-01,LGA2011,Server,2400.0,2800.0,4,8,2,219,2,Intel,Server,1,3
Intel Xeon E5-4640 @ 2.40GHz,117.68,95.0,2012-08-01,LGA2011,Server,2400.0,2800.0,2,8,2,291,1,Intel,Server,1,3
Intel Xeon E5-4650 @ 2.70GHz,312.76,130.0,2012-07-01,LGA2011,Server,2700.0,3300.0,4,8,2,187,4,Intel,Server,1,3
Intel Xeon E5-4650 @ 2.70GHz,156.38,130.0,2012-07-01,LGA2011,Server,2700.0,3300.0,2,8,2,274,2,Intel,Server,1,3
Intel Xeon E5-4650 v4 @ 2.20GHz,392.0,105.0,2019-10-01,FCLGA2011-3,Server,2200.0,2800.0,4,14,2,121,2,Intel,Server,1,3
Intel Xeon E5-4650 v4 @ 2.20GHz,196.0,105.0,2019-10-01,FCLGA2011-3,Server,2200.0,2800.0,2,14,2,165,3,Intel,Server,1,3
Intel Xeon E5310 @ 1.60GHz,98.0,80.0,2009-03-01,LGA771,Server,1600.0,0.0,2,4,1,433,1,Intel,Server,1,3
Intel Xeon E5320 @ 1.86GHz,77.5,80.0,2009-03-01,LGA771,Server,1860.0,0.0,2,4,1,431,2,Intel,Server,1,3
Intel Xeon E5345 @ 2.33GHz,79.98,80.0,2008-11-01,LGA771,Server,2330.0,0.0,2,4,1,425,7,Intel,Server,1,3
Intel Xeon E5405 @ 2.00GHz,466.5,80.0,2009-02-01,LGA771,Server,2000.0,0.0,2,4,1,426,2,Intel,Server,1,3
Intel Xeon E5410 @ 2.33GHz,21.38,80.0,2009-03-01,LGA771,Server,2330.0,0.0,2,4,1,420,12,Intel,Server,1,3
Intel Xeon E5420 @ 2.50GHz,499.9,80.0,2009-02-01,LGA771,Server,2500.0,0.0,2,4,1,416,29,Intel,Server,1,3
Intel Xeon E5430 @ 2.66GHz,459.9,80.0,2009-02-01,LGA771,Server,2660.0,0.0,2,4,1,412,9,Intel,Server,1,3
Intel Xeon E5440 @ 2.83GHz,75.98,80.0,2009-02-01,LGA771,Server,2830.0,0.0,2,4,1,408,10,Intel,Server,1,3
Intel Xeon E5450 @ 3.00GHz,73.98,80.0,2009-04-01,LGA771,Server,3000.0,0.0,2,4,1,402,25,Intel,Server,1,3
Intel Xeon E5462 @ 2.80GHz,470.0,80.0,2009-02-01,LGA771,Server,2800.0,0.0,2,4,1,406,35,Intel,Server,1,3
Intel Xeon E5472 @ 3.00GHz,40.08,80.0,2009-03-01,LGA771,Server,3000.0,0.0,2,4,1,399,2,Intel,Server,1,3
Intel Xeon E5502 @ 1.87GHz,160.0,80.0,2009-06-01,LGA1366,Server,1870.0,0.0,2,2,1,438,1,Intel,Server,1,3
Intel Xeon E5503 @ 2.00GHz,246.38,80.0,2010-06-01,LGA1366,Server,2000.0,0.0,2,2,1,440,2,Intel,Server,1,3
Intel Xeon E5504 @ 2.00GHz,98.0,80.0,2009-04-01,LGA1366,Server,2000.0,0.0,2,4,1,427,13,Intel,Server,1,3
Intel Xeon E5506 @ 2.13GHz,192.0,80.0,2009-04-01,LGA1366,Server,2130.0,0.0,2,4,1,421,10,Intel,Server,1,3
Intel Xeon E5507 @ 2.27GHz,200.0,80.0,2010-06-01,LGA1366,Server,2270.0,0.0,2,4,1,417,2,Intel,Server,1,3
Intel Xeon E5520 @ 2.27GHz,65.74,80.0,2009-03-01,LGA1366,Server,2270.0,2530.0,2,4,2,404,36,Intel,Server,1,3
Intel Xeon E5530 @ 2.40GHz,59.98,80.0,2009-04-01,LGA1366,Server,2400.0,2660.0,2,4,2,391,25,Intel,Server,1,3
Intel Xeon E5540 @ 2.53GHz,145.26,80.0,2009-07-01,LGA1366,Server,2530.0,2800.0,2,4,2,393,12,Intel,Server,1,3
Intel Xeon E5603 @ 1.60GHz,190.38,80.0,2011-06-01,LGA1366,Server,1600.0,0.0,2,4,1,424,1,Intel,Server,1,3
Intel Xeon E5606 @ 2.13GHz,340.66,80.0,2011-05-01,LGA1366,Server,2130.0,0.0,2,4,1,411,8,Intel,Server,1,3
Intel Xeon E5607 @ 2.27GHz,83.58,80.0,2011-04-01,LGA1366,Server,2270.0,0.0,2,4,1,400,3,Intel,Server,1,3
Intel Xeon E5620 @ 2.40GHz,69.84,80.0,2010-06-01,LGA1366,Server,2400.0,2660.0,2,4,2,372,88,Intel,Server,1,3
Intel Xeon E5630 @ 2.53GHz,316.0,80.0,2010-05-01,LGA1366,Server,2530.0,2800.0,2,4,2,365,14,Intel,Server,1,3
Intel Xeon E5640 @ 2.67GHz,128.0,80.0,2010-05-01,LGA1366,Server,2670.0,2930.0,2,4,2,360,7,Intel,Server,1,3
Intel Xeon E5645 @ 2.40GHz,104.0,80.0,2011-04-01,LGA1366,Server,2400.0,2670.0,2,6,2,340,56,Intel,Server,1,3
Intel Xeon E5649 @ 2.53GHz,142.8,80.0,2011-08-01,LGA1366,Server,2530.0,2930.0,2,6,2,330,19,Intel,Server,1,3
Intel Xeon E7- 4807 @ 1.87GHz,90.0,95.0,2020-07-01,LGA1567,Server,1870.0,0.0,2,6,2,378,1,Intel,Server,1,3
Intel Xeon E7- 4850 @ 2.00GHz,591.8,130.0,2013-04-01,LGA1567,Server,2000.0,2400.0,4,10,2,218,8,Intel,Server,1,3
Intel Xeon E7- 4860 @ 2.27GHz,159.96,130.0,2017-12-01,LGA1567,Server,2270.0,2670.0,4,10,2,227,2,Intel,Server,1,3
Intel Xeon E7- 4870 @ 2.40GHz,156.56,130.0,2013-09-01,LGA1567,Server,2400.0,2800.0,4,10,2,205,11,Intel,Server,1,3
Intel Xeon E7-8880 v2 @ 2.50GHz,219.28,130.0,2018-03-01,LGA 2011-1,Server,2500.0,3100.0,2,15,2,181,2,Intel,Server,1,3
Intel Xeon E7-8880 v3 @ 2.30GHz,532.0,150.0,2016-07-01,LGA2011-1,Server,2300.0,3100.0,4,18,2,86,2,Intel,Server,1,3
Intel Xeon E7330 @ 2.40GHz,340.0,80.0,2014-11-01,"PGA604, PPGA604",Server,2400.0,0.0,4,4,1,371,1,Intel,Server,1,3
Intel Xeon E7340 @ 2.40GHz,124.0,80.0,2015-08-01,PGA604,Server,2400.0,0.0,4,4,1,370,1,Intel,Server,1,3
Intel Xeon E7450 @ 2.40GHz,400.0,90.0,2014-11-01,PGA604,Server,2400.0,0.0,4,6,1,326,2,Intel,Server,1,3
Intel Xeon E7530 @ 1.87GHz,220.0,105.0,2016-04-01,FCLGA1567,Server,1870.0,2133.0,4,6,2,362,2,Intel,Server,1,3
Intel Xeon E7540 @ 2.00GHz,196.0,105.0,2015-04-01,FCLGA1567,Server,2000.0,2266.0,4,6,2,316,1,Intel,Server,1,3
Intel Xeon Gold 5118 @ 2.30GHz,905.96,105.0,2017-12-01,FCLGA3647,Server,2300.0,3200.0,2,12,2,190,8,Intel,Server,1,3
Intel Xeon L5410 @ 2.33GHz,200.16,50.0,2009-03-01,LGA771,Server,2330.0,0.0,2,4,1,418,1,Intel,Server,1,3
Intel Xeon L5420 @ 2.50GHz,55.0,50.0,2009-02-01,LGA771,Server,2500.0,0.0,2,4,1,414,4,Intel,Server,1,3
Intel Xeon L5430 @ 2.66GHz,454.0,50.0,2014-02-01,LGA771,Server,2660.0,0.0,2,4,1,410,2,Intel,Server,1,3
Intel Xeon L5506 @ 2.13GHz,187.06,60.0,2011-02-01,LGA1366,Server,2130.0,0.0,2,4,1,422,1,Intel,Server,1,3
Intel Xeon L5520 @ 2.27GHz,98.0,60.0,2010-03-01,LGA1366,Server,2270.0,2536.0,2,4,2,429,1,Intel,Server,1,3
Intel Xeon L5630 @ 2.13GHz,197.94,40.0,2010-01-01,LGA1366,Server,2130.0,2400.0,2,4,2,397,7,Intel,Server,1,3
Intel Xeon L5638 @ 2.00GHz,139.8,60.0,2011-04-01,LGA1366,Server,2000.0,2400.0,2,6,2,363,1,Intel,Server,1,3
Intel Xeon L5640 @ 2.27GHz,145.26,60.0,2010-09-01,LGA1366,Server,2270.0,2800.0,2,6,2,348,22,Intel,Server,1,3
Intel Xeon Silver 4108 @ 1.80GHz,710.08,85.0,2018-01-01,FCLGA3647,Server,1800.0,3000.0,2,8,2,258,3,Intel,Server,1,3
Intel Xeon Silver 4110 @ 2.10GHz,1020.0,85.0,2017-10-01,FCLGA3647,Server,2100.0,3000.0,2,8,2,251,27,Intel,Server,1,3
Intel Xeon Silver 4112 @ 2.60GHz,452.0,85.0,2018-02-01,FCLGA3647,Server,2600.0,3000.0,2,4,2,292,8,Intel,Server,1,3
Intel Xeon Silver 4116 @ 2.10GHz,779.96,85.0,2018-01-01,FCLGA3647,Server,2100.0,3000.0,2,12,2,196,11,Intel,Server,1,3
Intel Xeon Silver 4208 @ 2.10GHz,951.98,85.0,2019-07-01,FCLGA3647,Server,2100.0,3200.0,2,8,2,236,15,Intel,Server,1,3
Intel Xeon Silver 4210 @ 2.20GHz,938.0,85.0,2019-08-01,FCLGA3647,Server,2200.0,3200.0,2,10,2,200,10,Intel,Server,1,3
Intel Xeon Silver 4210R @ 2.40GHz,948.0,100.0,2020-06-01,FCLGA3647,Server,2400.0,3200.0,2,10,2,199,23,Intel,Server,1,3
Intel Xeon Silver 4310 @ 2.10GHz,1102.4,120.0,2021-05-01,FCLGA4189,Server,2100.0,3300.0,2,12,2,126,5,Intel,Server,1,3
Intel Xeon X5260 @ 3.33GHz,26.0,80.0,2009-03-01,LGA771,Server,3330.0,0.0,2,2,1,434,1,Intel,Server,1,3
Intel Xeon X5355 @ 2.66GHz,599.9,120.0,2009-03-01,LGA771,Server,2660.0,0.0,2,4,1,419,18,Intel,Server,1,3
Intel Xeon X5365 @ 3.00GHz,125.98,150.0,2009-03-01,LGA771,Server,3000.0,0.0,2,4,1,409,15,Intel,Server,1,3
Intel Xeon X5450 @ 3.00GHz,99.92,120.0,2009-02-01,LGA771,Server,3000.0,0.0,2,4,1,401,15,Intel,Server,1,3
Intel Xeon X5460 @ 3.16GHz,439.1,120.0,2009-02-01,LGA771,Server,3160.0,0.0,2,4,1,395,10,Intel,Server,1,3
Intel Xeon X5470 @ 3.33GHz,359.9,120.0,2009-03-01,LGA771,Server,3330.0,0.0,2,4,1,392,10,Intel,Server,1,3
Intel Xeon X5472 @ 3.00GHz,450.0,120.0,2009-03-01,LGA771,Server,3000.0,0.0,2,4,1,396,6,Intel,Server,1,3
Intel Xeon X5482 @ 3.20GHz,199.9,150.0,2009-03-01,LGA771,Server,3200.0,0.0,2,4,1,390,5,Intel,Server,1,3
Intel Xeon X5550 @ 2.67GHz,98.0,95.0,2009-04-01,LGA1366,Server,2670.0,3060.0,2,4,2,384,28,Intel,Server,1,3
Intel Xeon X5560 @ 2.80GHz,142.0,95.0,2009-04-01,LGA1366,Server,2800.0,3200.0,2,4,2,385,4,Intel,Server,1,3
Intel Xeon X5570 @ 2.93GHz,200.0,95.0,2009-05-01,LGA1366,Server,2930.0,3333.0,2,4,2,379,60,Intel,Server,1,3
Intel Xeon X5647 @ 2.93GHz,39.86,130.0,2011-07-01,LGA1366,Server,2930.0,3200.0,2,4,2,352,3,Intel,Server,1,3
Intel Xeon X5650 @ 2.67GHz,98.0,95.0,2010-02-01,LGA1366,Server,2670.0,3060.0,2,6,2,320,127,Intel,Server,1,3
Intel Xeon X5660 @ 2.80GHz,108.14,95.0,2010-04-01,LGA1366,Server,2800.0,3200.0,2,6,2,315,47,Intel,Server,1,3
Intel Xeon X5667 @ 3.07GHz,36.08,95.0,2010-07-01,LGA1366,Server,3070.0,3460.0,2,4,2,349,10,Intel,Server,1,3
Intel Xeon X5670 @ 2.93GHz,43.7,95.0,2010-03-01,LGA1366,Server,2930.0,3330.0,2,6,2,308,129,Intel,Server,1,3
Intel Xeon X5672 @ 3.20GHz,89.98,95.0,2011-09-01,LGA1366,Server,3200.0,3600.0,2,4,2,342,15,Intel,Server,1,3
Intel Xeon X5675 @ 3.07GHz,134.0,95.0,2011-02-01,LGA1366,Server,3070.0,3460.0,2,6,2,300,149,Intel,Server,1,3
Intel Xeon X5677 @ 3.47GHz,220.0,130.0,2010-03-01,LGA1366,Server,3470.0,3730.0,2,4,2,341,11,Intel,Server,1,3
Intel Xeon X5680 @ 3.33GHz,330.0,130.0,2010-04-01,LGA1366,Server,3330.0,3600.0,2,6,2,290,109,Intel,Server,1,3
Intel Xeon X5687 @ 3.60GHz,379.9,130.0,2011-04-01,LGA1366,Server,3600.0,3860.0,2,4,2,336,30,Intel,Server,1,3
Intel Xeon X5690 @ 3.47GHz,338.94,130.0,2011-03-01,LGA1366,Server,3470.0,3730.0,2,6,2,287,192,Intel,Server,1,3
Intel Xeon X7350 @ 2.93GHz,442.4,130.0,2014-02-01,604,Server,2930.0,0.0,4,4,1,357,3,Intel,Server,1,3
Intel Xeon X7460 @ 2.66GHz,404.38,130.0,2015-11-01,PGA604,Server,2660.0,0.0,2,6,1,398,1,Intel,Server,1,3
Intel Xeon X7550 @ 2.00GHz,200.0,130.0,2014-01-01,LGA1567,Server,2000.0,2400.0,2,8,2,356,1,Intel,Server,1,3
Intel Xeon X7560 @ 2.27GHz,1100.0,130.0,2011-01-01,LGA1567,Server,2270.0,2666.0,2,8,2,350,1,Intel,Server,1,3
